detectorID,laneType,speed,totalOccupancy,totalVolume
AID01101,Fast Lane,70.775,10,37
AID01101,Middle Lane,69.76666666666667,30,72
AID01101,Slow Lane,66.79166666666667,8,21
AID01102,Fast Lane,71.54166666666667,10,23
AID01102,Middle Lane,70.36666666666666,32,81
AID01102,Slow Lane,72.06666666666666,4,32
AID01103,Fast Lane,55.608333333333334,4,41
AID01103,Middle Lane,65.3,50,129
AID01103,Slow Lane,50.36666666666667,71,32
AID01104,Fast Lane,58.983333333333334,5,45
AID01104,Slow Lane,65.89166666666667,26,95
AID01105,Fast Lane,65.025,11,56
AID01105,Slow Lane,75.56666666666666,14,109
AID01106,Fast Lane,56.69166666666667,41,128
AID01106,Slow Lane,51.86666666666667,51,92
AID01107,Fast Lane,64.03333333333333,53,134
AID01107,Slow Lane,57.375,64,86
AID01108,Fast Lane,78.13333333333334,35,95
AID01108,Slow Lane,70.48333333333333,11,21
AID01109,Fast Lane,76.3,27,93
AID01109,Middle Lane,68.36666666666666,19,60
AID01109,Slow Lane,66.89166666666667,26,49
AID01110,Fast Lane,73.03333333333333,39,112
AID01110,Middle Lane,71.61666666666666,58,133
AID01110,Slow Lane,64.95833333333333,105,111
AID01111,Fast Lane,77.38333333333334,108,285
AID01111,Middle Lane 1,70.73333333333333,56,186
AID01111,Middle Lane 2,71.28333333333333,50,118
AID01111,Slow Lane,58.25,107,179
AID01112,Fast Lane,68.675,91,230
AID01112,Middle Lane 1,58.68333333333333,100,182
AID01112,Middle Lane 2,69.525,67,178
AID01112,Slow Lane,59.891666666666666,180,307
AID01113,Fast Lane,67.96666666666667,46,116
AID01113,Middle Lane,73.91666666666667,114,177
AID01113,Slow Lane,68.41666666666667,15,45
AID01114,Fast Lane,73.61666666666666,30,105
AID01114,Middle Lane,72.15,65,177
AID01114,Slow Lane,69.04166666666667,26,64
AID01115,Fast Lane,69.78333333333333,92,116
AID01115,Middle Lane,62.4,78,132
AID01115,Slow Lane,61.36666666666667,69,108
AID01116,Fast Lane,68.81666666666666,31,123
AID01116,Slow Lane,68.21666666666667,43,123
AID01117,Fast Lane,63.208333333333336,69,157
AID01117,Middle Lane 1,52.15833333333333,20,49
AID01117,Middle Lane 2,73.16666666666667,144,285
AID01117,Slow Lane,53.075,10,43
AID01118,Fast Lane,68.45833333333333,10,86
AID01118,Middle Lane,66.85,138,319
AID01118,Slow Lane,50.46666666666667,20,74
AID01119,Fast Lane,51.93333333333333,10,38
AID01119,Middle Lane,50.40833333333333,325,337
AID01119,Slow Lane,54.45,92,100
AID01120,Fast Lane,59.68333333333333,107,175
AID01120,Middle Lane,59.55,141,204
AID01120,Slow Lane,51.15,94,85
AID01121,Fast Lane,74.125,74,212
AID01121,Slow Lane,69.25833333333334,90,171
AID01122,Fast Lane,72.48333333333333,130,258
AID01122,Slow Lane,67.2,45,149
AID01123,Fast Lane,53.90833333333333,154,351
AID01123,Slow Lane,47.15,191,288
AID01124,Fast Lane,95.275,160,227
AID01124,Slow Lane,70.1,172,297
AID01125,Fast Lane,87.175,65,232
AID01125,Slow Lane,80.93333333333334,94,192
AID01126,Fast Lane,91.525,46,187
AID01126,Slow Lane,87.91666666666667,49,301
AID01127,Fast Lane,95.675,133,222
AID01127,Slow Lane,93.475,183,294
AID01128,Fast Lane,90.85,21,152
AID01128,Slow Lane,90.15833333333333,83,277
AID01129,Fast Lane,71.73333333333333,105,172
AID01129,Slow Lane,76.15833333333333,222,297
AID01131,Fast Lane,80.65833333333333,26,75
AID01131,Slow Lane,92.04166666666667,48,165
AID01132,Fast Lane,88.94166666666666,12,72
AID01132,Middle Lane,88.775,81,194
AID01132,Slow Lane,81.59166666666667,6,36
AID01133,Fast Lane,78.24166666666666,17,83
AID01133,Slow Lane,76.10833333333333,65,145
AID01134,Fast Lane,80.05833333333334,17,100
AID01134,Slow Lane,84.35833333333333,88,142
AID01135,Fast Lane,84.41666666666667,61,132
AID01135,Slow Lane,89.95,31,105
AID01136,Fast Lane,86.525,66,169
AID01136,Slow Lane,82.70833333333333,34,96
AID01201,Fast Lane,67.84166666666667,68,157
AID01201,Slow Lane,57.325,285,231
AID01202,Fast Lane,62.24166666666667,96,156
AID01202,Slow Lane,54.475,57,94
AID01203,Fast Lane,65.40833333333333,85,136
AID01203,Slow Lane,61.333333333333336,49,124
AID01204,Fast Lane,44.166666666666664,137,143
AID01204,Middle Lane,45.7,90,141
AID01204,Slow Lane,47.458333333333336,51,68
AID01205,Fast Lane,45.833333333333336,154,178
AID01205,Middle Lane,46.891666666666666,140,151
AID01205,Slow Lane,47.016666666666666,95,46
AID01206,Fast Lane,54.19166666666667,111,211
AID01206,Slow Lane,50.78333333333333,118,148
AID01207,Fast Lane,57.00833333333333,50,101
AID01207,Middle Lane 1,52.50833333333333,65,98
AID01207,Middle Lane 2,64.99166666666666,64,158
AID01207,Slow Lane,51.416666666666664,15,32
AID01208,Fast Lane,64.81666666666666,37,121
AID01208,Slow Lane,62.74166666666667,56,161
AID01209,Fast Lane,75.71666666666667,21,112
AID01209,Middle Lane,72.55,36,143
AID01209,Slow Lane,63.93333333333333,73,96
AID01210,Fast Lane,67.19166666666666,64,110
AID01210,Middle Lane,67.025,82,122
AID01210,Slow Lane,65.8,38,40
AID01211,Fast Lane,72.81666666666666,38,110
AID01211,Middle Lane,73.475,44,98
AID01211,Slow Lane,68.41666666666667,20,37
AID01212,Fast Lane,73.73333333333333,47,61
AID01212,Middle Lane,74.775,68,110
AID01212,Slow Lane,72.925,14,49
AID01213,Fast Lane,69.725,37,104
AID01213,Middle Lane 1,67.96666666666667,75,176
AID01213,Middle Lane 2,73.675,119,290
AID01213,Slow Lane,68.4,20,96
AID01214,Fast Lane,51.5,23,68
AID01214,Middle Lane,51.78333333333333,169,171
AID01214,Slow Lane,49.291666666666664,112,145
AID01215,Fast Lane,78.90833333333333,41,97
AID01215,Slow Lane,75.30833333333334,70,124
AID01216,Fast Lane,71.43333333333334,29,71
AID01216,Slow Lane,73.725,106,131
AID01217,Fast Lane,72.51666666666667,22,62
AID01217,Middle Lane 1,72.66666666666667,15,23
AID01217,Middle Lane 2,77.725,92,170
AID01217,Slow Lane,71.46666666666667,1,9
AID01218,Fast Lane,57.325,116,169
AID01218,Middle Lane 2,58.50833333333333,99,117
AID01219,Fast Lane,71.25,23,110
AID01219,Slow Lane,76.75833333333334,66,159
AID01220,Fast Lane,64.28333333333333,17,77
AID01220,Slow Lane,76.10833333333333,42,150
AID01221,Fast Lane,54.9,23,52
AID01221,Middle Lane,61.016666666666666,64,123
AID01221,Slow Lane,50.291666666666664,126,102
AID01222,Fast Lane,71.98333333333333,3,19
AID01222,Middle Lane,71.475,35,116
AID01222,Slow Lane,71.18333333333334,34,76
AID01223,Fast Lane,72.05833333333334,0,20
AID01223,Middle Lane,70.84166666666667,40,117
AID01223,Slow Lane,68.64166666666667,18,32
AID02104,Fast Lane,74.98333333333333,2,19
AID02104,Slow Lane,73.4,8,31
AID02105,Fast Lane,69.94166666666666,3,14
AID02105,Slow Lane,67.86666666666666,13,43
AID02106,Fast Lane,70.76666666666667,0,4
AID02106,Middle Lane,75.38333333333334,11,46
AID02106,Slow Lane,92.0,83,223
AID02107,Fast Lane,75.975,4,23
AID02107,Middle Lane,91.71666666666667,46,162
AID02107,Slow Lane,82.275,26,90
AID02108,Fast Lane,84.6,4,27
AID02108,Middle Lane,100.35833333333333,41,188
AID02108,Slow Lane,91.875,56,192
AID02109,Fast Lane,85.14166666666667,6,18
AID02109,Middle Lane,104.74166666666666,64,203
AID02109,Slow Lane,90.55,101,186
AID02110,Fast Lane,82.50833333333334,0,8
AID02110,Middle Lane,107.59166666666667,62,203
AID02110,Slow Lane,96.16666666666667,103,237
AID02111,Fast Lane,80.36666666666666,0,2
AID02111,Middle Lane,93.25833333333334,59,189
AID02111,Slow Lane,92.70833333333333,64,268
AID02112,Fast Lane,78.275,6,20
AID02112,Slow Lane,85.34166666666667,68,169
AID02113,Fast Lane,87.25833333333334,2,38
AID02113,Slow Lane,88.96666666666667,25,117
AID02114,Fast Lane,84.45,9,45
AID02114,Slow Lane,83.01666666666667,23,79
AID02115,Fast Lane,82.375,1,24
AID02115,Slow Lane,82.225,21,95
AID02116,Fast Lane,75.375,2,52
AID02116,Middle Lane,66.9,40,89
AID02117,Fast Lane,77.46666666666667,68,176
AID02117,Slow Lane,72.8,6,47
AID02118,Fast Lane,77.2,31,89
AID02118,Middle Lane 1,69.775,0,16
AID02118,Middle Lane 2,72.08333333333333,8,42
AID02118,Middle Lane 3,73.51666666666667,17,58
AID02118,Slow Lane,69.85,0,3
AID02119,Fast Lane,88.63333333333334,13,67
AID02119,Slow Lane,84.31666666666666,16,64
AID02120,Fast Lane,88.85,1,35
AID02120,Middle Lane 1,95.50833333333334,32,147
AID02120,Middle Lane 2,98.93333333333334,18,124
AID02120,Slow Lane,82.3,0,27
AID02121,Fast Lane,83.74166666666666,1,23
AID02121,Middle Lane,92.79166666666667,40,139
AID02121,Slow Lane,82.84166666666667,75,138
AID02122,Fast Lane,88.18333333333334,0,36
AID02122,Middle Lane,90.825,45,129
AID02122,Slow Lane,88.05833333333334,86,157
AID02123,Fast Lane,95.125,6,46
AID02123,Middle Lane,94.81666666666666,11,84
AID02123,Slow Lane,100.79166666666667,61,250
AID02124,Fast Lane,83.96666666666667,0,47
AID02124,Slow Lane,75.91666666666667,19,78
AID02125,Fast Lane,85.84166666666667,15,65
AID02125,Slow Lane,80.90833333333333,31,84
AID02126,Fast Lane,94.95833333333333,38,105
AID02126,Slow Lane,91.925,90,150
AID02127,Fast Lane,93.03333333333333,33,109
AID02127,Slow Lane,88.86666666666666,39,98
AID02201,Fast Lane,72.3,9,26
AID02201,Slow Lane,73.95,54,129
AID02202,Fast Lane,72.2,4,17
AID02202,Slow Lane,82.58333333333333,41,105
AID02203,Fast Lane,70.825,5,26
AID02203,Slow Lane,69.94166666666666,15,34
AID02204,Fast Lane,82.575,26,92
AID02204,Slow Lane,80.2,60,161
AID02205,Fast Lane,92.93333333333334,16,78
AID02205,Slow Lane,96.2,66,173
AID02206,Fast Lane,91.61666666666666,12,65
AID02206,Slow Lane,98.23333333333333,80,176
AID02207,Fast Lane,81.17708333333333,7,19
AID02207,Middle Lane,81.44791666666667,46,78
AID02207,Slow Lane,77.33333333333333,19,32
AID02208,Fast Lane,93.5,5,62
AID02208,Middle Lane,98.50833333333334,47,273
AID02208,Slow Lane,84.76666666666667,27,130
AID02209,Fast Lane,101.04166666666667,8,76
AID02209,Middle Lane,109.45833333333333,68,304
AID02209,Slow Lane,99.74166666666666,48,195
AID02210,Fast Lane,98.54166666666667,2,88
AID02210,Middle Lane,96.975,42,270
AID02210,Slow Lane,89.16666666666667,47,160
AID02211,Fast Lane,89.45,8,63
AID02211,Middle Lane,90.59166666666667,70,238
AID02211,Slow Lane,86.225,48,191
AID02212,Fast Lane,80.7,10,58
AID02212,Middle Lane,83.96666666666667,145,273
AID02212,Slow Lane,74.575,75,115
AID02213,Fast Lane,75.775,3,28
AID02213,Middle Lane,77.08333333333333,72,145
AID02213,Slow Lane,75.06666666666666,174,236
AID02214,Fast Lane,75.99166666666666,3,27
AID02214,Middle Lane 1,89.70833333333333,114,293
AID02214,Middle Lane 2,80.61666666666666,25,84
AID02214,Slow Lane,78.15833333333333,33,89
AID02215,Fast Lane,78.475,21,63
AID02215,Slow Lane,75.49166666666666,41,98
AID03101,Fast Lane,78.31666666666666,9,24
AID03101,Middle Lane,77.975,13,28
AID03101,Slow Lane,78.05,8,27
AID03102,Fast Lane,52.81666666666667,15,39
AID03102,Slow Lane,51.166666666666664,15,29
AID03103,Fast Lane,85.2,18,51
AID03103,Slow Lane,83.74166666666666,36,97
AID03104,Fast Lane,51.46666666666667,45,65
AID03106,Fast Lane,103.53333333333333,5,15
AID03106,Middle Lane,114.625,5,112
AID03106,Slow Lane,106.89166666666667,32,76
AID03107,Fast Lane,101.325,0,11
AID03107,Middle Lane,105.08333333333333,12,118
AID03107,Slow Lane,96.575,17,65
AID03108,Fast Lane,105.04166666666667,5,35
AID03108,Middle Lane,114.575,38,221
AID03108,Slow Lane,102.26666666666667,53,209
AID03109,Fast Lane,105.75,2,45
AID03109,Middle Lane,106.18333333333334,67,225
AID03109,Slow Lane,98.0,64,209
AID03111,Fast Lane,106.575,1,26
AID03111,Middle Lane,103.64166666666667,44,200
AID03111,Slow Lane,109.63333333333334,41,220
AID03112,Fast Lane,105.00833333333334,1,20
AID03112,Middle Lane,115.43333333333334,30,179
AID03112,Slow Lane,106.81666666666666,92,264
AID03113,Fast Lane,61.775,3,25
AID03113,Middle Lane,84.75833333333334,25,173
AID03113,Slow Lane,70.65,24,74
AID03114,Fast Lane,109.93333333333334,0,20
AID03114,Middle Lane,119.71666666666667,39,157
AID03114,Slow Lane,107.15,13,71
AID03115,Fast Lane,83.83333333333333,5,22
AID03115,Middle Lane,90.50833333333334,16,87
AID03115,Slow Lane,79.43333333333334,13,13
AID03116,Fast Lane,83.54166666666667,0,29
AID03116,Middle Lane,87.21666666666667,12,90
AID03116,Slow Lane,81.11666666666666,12,13
AID03117,Fast Lane,101.075,2,13
AID03117,Middle Lane,89.23333333333333,49,101
AID03117,Slow Lane,93.33333333333333,29,88
AID03118,Fast Lane,101.58333333333333,0,11
AID03118,Middle Lane,92.11666666666666,28,101
AID03118,Slow Lane,87.21666666666667,49,106
AID03119,Fast Lane,100.4,0,3
AID03119,Middle Lane,100.875,13,90
AID03119,Slow Lane,111.00833333333334,37,105
AID03120,Fast Lane,100.41666666666667,0,1
AID03120,Middle Lane,99.975,22,93
AID03120,Slow Lane,96.84166666666667,34,95
AID03121,Fast Lane,100.33333333333333,0,6
AID03121,Middle Lane,103.35,49,97
AID03121,Slow Lane,96.58333333333333,20,58
AID03122,Fast Lane,100.46666666666667,2,7
AID03122,Middle Lane,109.925,25,61
AID03122,Slow Lane,104.79166666666667,79,85
AID03123,Fast Lane,103.58333333333333,2,16
AID03123,Middle Lane,104.025,24,52
AID03123,Slow Lane,98.725,40,86
AID03124,Fast Lane,103.525,2,18
AID03124,Slow Lane,96.49166666666666,10,32
AID03125,Fast Lane,103.01666666666667,0,15
AID03125,Slow Lane,102.50833333333334,13,32
AID03201,Fast Lane,81.275,5,5
AID03201,Middle Lane,85.76666666666667,32,64
AID03201,Slow Lane,85.975,24,52
AID03202,Fast Lane,88.45,8,32
AID03202,Middle Lane 1,101.60833333333333,92,155
AID03202,Middle Lane 2,106.86666666666666,70,152
AID03202,Slow Lane,107.9,95,202
AID03203,Fast Lane,105.61666666666666,3,25
AID03203,Middle Lane,102.7,34,143
AID03203,Slow Lane,96.29166666666667,28,101
AID03204,Fast Lane,101.05833333333334,2,29
AID03204,Middle Lane,100.625,41,143
AID03204,Slow Lane,99.73333333333333,28,98
AID03205,Fast Lane,109.95,6,49
AID03205,Middle Lane,120.51666666666667,53,241
AID03205,Slow Lane,113.4,54,217
AID03206,Fast Lane,111.45833333333333,5,45
AID03206,Middle Lane,126.6,24,198
AID03206,Slow Lane,116.9,41,214
AID03207,Fast Lane,111.225,3,46
AID03207,Middle Lane,117.375,30,185
AID03207,Slow Lane,109.53333333333333,77,229
AID03208,Fast Lane,110.58333333333333,5,49
AID03208,Middle Lane,114.3,41,171
AID03208,Slow Lane,110.61666666666666,80,291
AID03209,Fast Lane,105.225,2,31
AID03209,Middle Lane,102.425,32,110
AID03209,Slow Lane,103.94166666666666,154,299
AID03210,Fast Lane,100.94166666666666,0,34
AID03210,Middle Lane,95.55833333333334,37,118
AID03210,Slow Lane,98.425,5,16
AID03211,Fast Lane,84.24166666666666,61,125
AID03211,Middle Lane 1,80.875,16,24
AID03211,Middle Lane 2,81.61666666666666,53,105
AID03211,Slow Lane,79.375,5,13
AID04101,Fast Lane,51.041666666666664,4,10
AID04101,Middle Lane,54.65,18,34
AID04101,Slow Lane,56.0,18,63
AID04102,Fast Lane,81.7,11,19
AID04102,Slow Lane,82.475,14,30
AID04103,Fast Lane,80.05833333333334,4,23
AID04103,Slow Lane,79.125,8,19
AID04104,Fast Lane,80.95,3,20
AID04104,Middle Lane 1,80.6,3,34
AID04104,Middle Lane 2,81.35,8,21
AID04104,Slow Lane,73.4,24,85
AID04105,Fast Lane,78.71666666666667,0,34
AID04105,Middle Lane,82.54166666666667,21,125
AID04105,Slow Lane,78.44166666666666,7,52
AID04106,Fast Lane,80.50833333333334,20,75
AID04106,Middle Lane,87.4,110,244
AID04106,Slow Lane,87.35,49,181
AID04107,Fast Lane,86.31666666666666,29,110
AID04107,Middle Lane,87.48333333333333,141,274
AID04107,Slow Lane,82.09166666666667,87,173
AID04108,Fast Lane,87.89166666666667,116,209
AID04108,Slow Lane,88.58333333333333,34,111
AID04109,Fast Lane,73.21666666666667,60,226
AID04109,Slow Lane,73.575,22,109
AID04110,Fast Lane,79.29166666666667,6,67
AID04110,Middle Lane 1,79.29166666666667,154,262
AID04110,Middle Lane 2,73.89166666666667,29,49
AID04110,Middle Lane 3,79.0,17,107
AID04110,Slow Lane,74.85,16,72
AID04111,Fast Lane,68.675,75,167
AID04111,Slow Lane,69.85833333333333,96,190
AID04112,Fast Lane,73.23333333333333,23,47
AID04112,Middle Lane,73.875,29,121
AID04112,Slow Lane,73.875,43,101
AID04113,Fast Lane,73.55833333333334,0,14
AID04113,Middle Lane,84.65833333333333,35,135
AID04113,Slow Lane,79.63333333333334,61,143
AID04114,Fast Lane,73.96666666666667,4,23
AID04114,Middle Lane,83.14166666666667,69,120
AID04114,Slow Lane,76.74166666666666,58,125
AID04115,Fast Lane,71.53333333333333,6,18
AID04115,Slow Lane,71.4,92,143
AID04116,Fast Lane,73.675,13,50
AID04116,Slow Lane,75.825,33,123
AID04117,Fast Lane,66.74166666666666,38,111
AID04117,Slow Lane,64.99166666666666,96,142
AID04118,Fast Lane,82.2,17,93
AID04118,Slow Lane,78.50833333333334,64,167
AID04119,Fast Lane,68.83333333333333,8,18
AID04119,Slow Lane,67.075,13,43
AID04120,Fast Lane,71.33333333333333,16,26
AID04120,Slow Lane,68.61666666666666,25,45
AID04121,Fast Lane,85.75,19,91
AID04121,Slow Lane,79.59166666666667,9,44
AID04122,Fast Lane,85.85,7,91
AID04122,Middle Lane,78.93333333333334,1,51
AID04122,Slow Lane,69.33333333333333,34,84
AID04201,Fast Lane,49.65,39,31
AID04201,Slow Lane,47.166666666666664,82,17
AID04202,Fast Lane,63.016666666666666,37,48
AID04202,Slow Lane,68.13333333333334,6,19
AID04203,Fast Lane,73.225,0,31
AID04203,Middle Lane,67.91666666666667,81,133
AID04203,Slow Lane,70.89166666666667,0,7
AID04204,Fast Lane,74.85,14,44
AID04204,Slow Lane,75.30833333333334,63,130
AID04205,Fast Lane,62.96666666666667,7,40
AID04205,Middle Lane,48.925,68,150
AID04205,Slow Lane,65.55,5,29
AID04206,Fast Lane,75.74166666666666,6,51
AID04206,Slow Lane,76.28333333333333,86,177
AID04207,Fast Lane,76.35833333333333,8,46
AID04207,Slow Lane,73.96666666666667,33,169
AID04208,Fast Lane,71.60833333333333,19,48
AID04208,Middle Lane,65.525,81,135
AID04208,Slow Lane,60.833333333333336,51,99
AID04209,Fast Lane,73.78333333333333,14,56
AID04209,Middle Lane,75.70833333333333,52,143
AID04209,Slow Lane,73.15833333333333,43,81
AID04210,Fast Lane,69.74166666666666,6,39
AID04210,Middle Lane 1,74.25833333333334,31,98
AID04210,Middle Lane 2,73.63333333333334,38,107
AID04210,Slow Lane,68.75,26,84
AID04211,Fast Lane,70.675,7,11
AID04211,Slow Lane,70.375,2,15
AID04212,Fast Lane,71.3,3,36
AID04212,Middle Lane 1,71.26666666666667,0,14
AID04212,Middle Lane 2,74.39166666666667,71,183
AID04212,Middle Lane 3,75.64166666666667,22,123
AID04212,Middle Lane 4,74.10833333333333,16,68
AID04212,Slow Lane,72.48333333333333,0,38
AID04213,Fast Lane,74.25,27,102
AID04213,Middle Lane,73.75,132,200
AID04213,Slow Lane,67.93333333333334,7,24
AID04214,Fast Lane,80.2,20,74
AID04214,Middle Lane 1,72.33333333333333,22,50
AID04214,Middle Lane 2,79.51666666666667,46,123
AID04214,Middle Lane 3,83.725,89,204
AID04214,Slow Lane,70.975,0,14
AID04215,Fast Lane,74.86666666666666,13,40
AID04215,Middle Lane 1,82.06666666666666,121,194
AID04215,Middle Lane 2,84.90833333333333,109,169
AID04215,Slow Lane,74.65,64,110
AID04216,Fast Lane,73.025,7,23
AID04216,Middle Lane,79.75,69,161
AID04216,Slow Lane,76.0,63,180
AID04217,Fast Lane,72.325,15,19
AID04217,Middle Lane,89.49166666666666,92,208
AID04217,Slow Lane,83.325,71,205
AID04218,Fast Lane,82.89166666666667,17,54
AID04218,Middle Lane,83.76666666666667,70,233
AID04218,Slow Lane,81.30833333333334,21,82
AID04219,Fast Lane,78.25,6,44
AID04219,Middle Lane,76.51666666666667,14,70
AID04219,Slow Lane,74.975,54,134
AID04220,Fast Lane,80.3,0,3
AID04220,Slow Lane,83.14166666666667,3,51
AID04221,Fast Lane,82.26666666666667,12,40
AID04221,Slow Lane,86.01666666666667,5,64
AID04222,Fast Lane,69.28333333333333,3,9
AID05101,Fast Lane,73.56666666666666,54,77
AID05101,Slow Lane,71.73333333333333,190,267
AID05102,Fast Lane,66.75833333333334,81,75
AID05103,Fast Lane,68.36666666666666,26,31
AID05103,Middle Lane,65.46666666666667,47,58
AID05103,Slow Lane,65.95833333333333,17,57
AID05104,Fast Lane,77.20833333333333,35,74
AID05104,Middle Lane,73.68333333333334,38,58
AID05104,Slow Lane,65.91666666666667,82,194
AID05109,Fast Lane,78.275,158,391
AID05109,Middle Lane 1,55.8,8,44
AID05109,Middle Lane 2,55.40833333333333,17,68
AID05109,Slow Lane,59.266666666666666,93,159
AID05110,Fast Lane,57.975,138,228
AID05110,Slow Lane,64.75833333333334,149,262
AID05111,Fast Lane,62.68333333333333,143,194
AID05113,Slow Lane,50.0,0,0
AID05114,Fast Lane,58.083333333333336,38,76
AID05114,Middle Lane 1,56.68333333333333,38,66
AID05114,Middle Lane 2,67.775,122,197
AID05114,Slow Lane,54.266666666666666,3,20
AID05115,Fast Lane,71.36666666666666,23,73
AID05115,Slow Lane,70.55,55,114
AID05116,Fast Lane,66.35833333333333,37,64
AID05116,Middle Lane 2,65.64166666666667,54,105
AID05117,Fast Lane,75.60833333333333,25,93
AID05117,Slow Lane,72.6,116,255
AID05118,Fast Lane,70.43333333333334,33,104
AID05118,Slow Lane,63.041666666666664,129,202
AID05119,Fast Lane,69.61666666666666,374,168
AID05119,Slow Lane,57.666666666666664,802,260
AID05120,Fast Lane,85.6,41,146
AID05120,Slow Lane,83.45,126,266
AID05121,Fast Lane,78.2,43,153
AID05121,Slow Lane,75.0,121,227
AID05122,Fast Lane,74.81666666666666,17,98
AID05122,Slow Lane,71.51666666666667,68,184
AID05123,Fast Lane,82.93333333333334,28,123
AID05123,Middle Lane,81.48333333333333,94,269
AID05123,Slow Lane,77.075,15,62
AID05124,Fast Lane,80.10833333333333,26,77
AID05124,Middle Lane,92.49166666666666,64,258
AID05124,Slow Lane,78.15833333333333,28,72
AID05125,Fast Lane,83.03333333333333,15,87
AID05125,Middle Lane 1,81.48333333333333,66,183
AID05125,Middle Lane 2,91.06666666666666,86,287
AID05125,Middle Lane 3,84.91666666666667,27,112
AID05125,Slow Lane,70.59166666666667,22,33
AID05126,Fast Lane,83.49166666666666,72,136
AID05126,Middle Lane,85.675,97,207
AID05126,Slow Lane,76.88333333333334,38,84
AID05127,Fast Lane,71.76666666666667,79,137
AID05127,Slow Lane,78.01666666666667,151,224
AID05128,Fast Lane,80.025,17,68
AID05128,Middle Lane,83.04166666666667,189,294
AID05128,Slow Lane,79.45,92,118
AID05129,Fast Lane,71.49166666666666,31,93
AID05129,Middle Lane,63.858333333333334,148,289
AID05129,Slow Lane,58.85,174,169
AID05130,Fast Lane,74.24166666666666,87,85
AID05130,Slow Lane,64.85833333333333,149,326
AID05131,Fast Lane,75.65,50,112
AID05131,Slow Lane,72.88333333333334,137,186
AID05132,Fast Lane,85.13333333333334,17,83
AID05132,Middle Lane,89.99166666666666,69,134
AID05132,Slow Lane,83.63333333333334,41,139
AID05133,Fast Lane,81.10833333333333,4,64
AID05133,Slow Lane,85.68333333333334,49,119
AID05134,Fast Lane,78.88333333333334,8,71
AID05134,Slow Lane,77.45,83,161
AID05135,Fast Lane,74.36666666666666,10,46
AID05135,Slow Lane,76.45833333333333,58,170
AID05201,Fast Lane,82.375,29,55
AID05201,Middle Lane,68.95,110,160
AID05201,Slow Lane,71.45833333333333,98,121
AID05202,Fast Lane,74.15833333333333,6,29
AID05202,Slow Lane,79.44166666666666,16,78
AID05203,Fast Lane,75.425,1,20
AID05203,Slow Lane,80.325,26,94
AID05204,Fast Lane,81.75,12,60
AID05204,Middle Lane,83.03333333333333,129,209
AID05204,Slow Lane,76.25833333333334,12,55
AID05205,Fast Lane,83.26666666666667,32,99
AID05205,Slow Lane,79.175,90,185
AID05207,Fast Lane,84.09166666666667,28,92
AID05207,Middle Lane,82.73333333333333,119,214
AID05207,Slow Lane,74.825,35,65
AID05208,Fast Lane,87.08333333333333,26,109
AID05208,Middle Lane 1,76.28333333333333,14,74
AID05208,Middle Lane 2,85.99166666666666,59,208
AID05208,Slow Lane,63.425,39,136
AID05209,Fast Lane,84.5,31,128
AID05209,Middle Lane 1,82.13333333333334,56,156
AID05209,Middle Lane 2,86.15,108,197
AID05209,Slow Lane,80.63333333333334,40,93
AID05210,Fast Lane,72.6,6,31
AID05210,Middle Lane 1,86.53333333333333,16,136
AID05210,Middle Lane 2,78.56666666666666,86,208
AID05210,Middle Lane 3,77.48333333333333,49,113
AID05210,Slow Lane,76.68333333333334,14,67
AID05211,Fast Lane,74.54166666666667,15,32
AID05211,Middle Lane 1,78.1,45,114
AID05211,Middle Lane 2,81.675,64,143
AID05211,Middle Lane 3,82.44166666666666,102,168
AID05211,Slow Lane,75.29166666666667,25,56
AID05212,Fast Lane,78.275,5,44
AID05212,Middle Lane,84.2,110,213
AID05212,Slow Lane,75.975,79,164
AID05213,Fast Lane,79.66666666666667,5,64
AID05213,Middle Lane,83.24166666666666,59,184
AID05213,Slow Lane,74.56666666666666,26,74
AID05214,Fast Lane,78.05,20,79
AID05214,Slow Lane,76.21666666666667,59,175
AID05215,Fast Lane,75.59166666666667,22,100
AID05215,Slow Lane,72.31666666666666,64,172
AID05216,Fast Lane,71.93333333333334,10,91
AID05216,Slow Lane,68.54166666666667,82,184
AID05217,Fast Lane,80.625,4,65
AID05217,Slow Lane,80.89166666666667,71,200
AID05218,Fast Lane,74.94166666666666,3,44
AID05218,Middle Lane,68.28333333333333,132,216
AID05218,Slow Lane,71.83333333333333,24,90
AID05219,Fast Lane,71.725,26,62
AID05219,Slow Lane,74.6,66,146
AID05220,Fast Lane,70.3,17,60
AID05220,Slow Lane,64.80833333333334,48,76
AID05221,Fast Lane,71.71666666666667,7,54
AID05221,Slow Lane,64.13333333333334,56,83
AID05222,Fast Lane,79.65,10,62
AID05222,Middle Lane,73.5,39,91
AID05222,Slow Lane,68.95833333333333,39,121
AID05223,Fast Lane,72.80833333333334,1,34
AID05223,Slow Lane,79.0,61,168
AID05224,Fast Lane,49.025,399,413
AID05225,Fast Lane,66.39166666666667,298,456
AID05226,Fast Lane,62.175,86,193
AID05226,Middle Lane 1,52.233333333333334,21,28
AID05226,Middle Lane 2,62.93333333333333,215,444
AID05226,Slow Lane,49.575,13,15
AID05227,Fast Lane,59.03333333333333,54,113
AID05227,Middle Lane 1,68.04166666666667,171,211
AID05227,Middle Lane 2,79.03333333333333,348,470
AID05227,Slow Lane,57.733333333333334,28,65
AID05232,Fast Lane,55.641666666666666,111,235
AID05232,Slow Lane,58.825,29,88
AID05233,Fast Lane,69.50833333333334,6,25
AID05233,Middle Lane,69.35833333333333,13,45
AID05233,Slow Lane,69.79166666666667,2,7
AID05234,Fast Lane,67.0,28,56
AID05234,Middle Lane,69.45,4,5
AID05234,Slow Lane,69.5,4,9
AID05235,Fast Lane,72.68333333333334,39,65
AID07101,Fast Lane,52.858333333333334,98,69
AID07101,Middle Lane,51.68333333333333,23,29
AID07101,Slow Lane,50.55833333333333,5,25
AID07102,Fast Lane,69.8,6,1
AID07102,Slow Lane,69.475,22,2
AID07103,Fast Lane,72.96666666666667,0,26
AID07103,Slow Lane,73.66666666666667,11,61
AID07104,Fast Lane,74.23333333333333,17,35
AID07104,Middle Lane,75.65,155,260
AID07104,Slow Lane,74.7,70,157
AID07105,Fast Lane,79.49166666666666,52,211
AID07105,Middle Lane,55.99166666666667,139,202
AID07106,Fast Lane,77.55,214,366
AID07106,Middle Lane,64.09166666666667,189,221
AID07106,Slow Lane,69.51666666666667,13,43
AID07107,Fast Lane,47.85,103,277
AID07107,Middle Lane,67.225,68,183
AID07107,Slow Lane,66.11666666666666,43,160
AID07108,Fast Lane,50.791666666666664,6,36
AID07108,Middle Lane 1,42.93333333333333,164,294
AID07108,Middle Lane 2,47.208333333333336,52,140
AID07108,Slow Lane,49.175,156,108
AID07109,Fast Lane,50.31666666666667,33,44
AID07109,Middle Lane 1,52.31666666666667,64,93
AID07109,Middle Lane 2,51.175,115,179
AID07109,Slow Lane,50.075,20,59
AID07110,Fast Lane,59.958333333333336,217,242
AID07110,Slow Lane,49.075,21,10
AID07111,Fast Lane,76.00833333333334,107,172
AID07111,Middle Lane,72.575,88,147
AID07111,Slow Lane,69.73333333333333,0,11
AID07112,Fast Lane,71.25833333333334,92,152
AID07112,Middle Lane,74.11666666666666,69,133
AID07112,Slow Lane,69.68333333333334,3,10
AID07113,Fast Lane,63.266666666666666,191,245
AID07113,Middle Lane 1,78.43333333333334,103,121
AID07113,Middle Lane 2,72.675,37,53
AID07113,Slow Lane,74.2,26,48
AID07114,Fast Lane,78.26666666666667,23,125
AID07114,Middle Lane 1,67.49166666666666,48,169
AID07114,Middle Lane 2,69.04166666666667,11,44
AID07114,Middle Lane 3,71.8,11,85
AID07114,Middle Lane 4,73.94166666666666,124,325
AID07114,Slow Lane,65.325,3,78
AID07115,Fast Lane,71.375,52,104
AID07115,Slow Lane,66.625,251,307
AID07116,Fast Lane,57.4,180,79
AID07116,Middle Lane 1,54.016666666666666,498,162
AID07116,Middle Lane 2,51.34166666666667,592,206
AID07116,Slow Lane,53.30833333333333,472,115
AID07117,Fast Lane,74.29166666666667,21,97
AID07117,Middle Lane,69.66666666666667,102,239
AID07117,Slow Lane,63.775,40,159
AID07118,Fast Lane,70.69166666666666,11,82
AID07118,Middle Lane,60.49166666666667,139,315
AID07118,Slow Lane,61.05,28,114
AID07119,Fast Lane,82.95,18,95
AID07119,Middle Lane,80.3,101,289
AID07119,Slow Lane,66.73333333333333,24,106
AID07120,Fast Lane,74.84166666666667,23,84
AID07120,Middle Lane,71.90833333333333,123,271
AID07120,Slow Lane,65.96666666666667,46,85
AID07121,Fast Lane,77.08333333333333,13,83
AID07121,Middle Lane,71.73333333333333,74,250
AID07121,Slow Lane,69.2,34,127
AID07122,Fast Lane,72.225,17,43
AID07122,Middle Lane,57.55,168,276
AID07122,Slow Lane,65.95,7,48
AID07123,Fast Lane,75.78333333333333,15,68
AID07123,Middle Lane,77.05,103,274
AID07123,Slow Lane,71.975,12,51
AID07124,Fast Lane,68.85833333333333,19,93
AID07124,Middle Lane,55.675,107,247
AID07124,Slow Lane,66.16666666666667,26,68
AID07125,Fast Lane,72.94166666666666,44,110
AID07125,Slow Lane,73.85833333333333,72,239
AID07126,Fast Lane,67.29166666666667,112,125
AID07126,Slow Lane,62.666666666666664,147,216
AID07127,Fast Lane,65.8,73,130
AID07127,Slow Lane,68.75,129,195
AID07128,Fast Lane,67.25,68,109
AID07128,Slow Lane,53.983333333333334,107,195
AID07129,Fast Lane,74.64166666666667,46,82
AID07129,Middle Lane,78.89166666666667,78,241
AID07129,Slow Lane,70.11666666666666,56,102
AID07130,Fast Lane,77.09166666666667,27,78
AID07130,Middle Lane,76.275,96,247
AID07130,Slow Lane,74.2,35,108
AID07131,Fast Lane,77.70833333333333,20,62
AID07131,Middle Lane,77.80833333333334,126,265
AID07131,Slow Lane,75.76666666666667,51,110
AID07133,Fast Lane,80.375,20,49
AID07133,Middle Lane,79.96666666666667,149,290
AID07133,Slow Lane,78.53333333333333,14,24
AID07134,Fast Lane,70.875,3,43
AID07134,Slow Lane,70.375,40,111
AID07201,Fast Lane,68.825,43,142
AID07201,Middle Lane 1,74.94166666666666,23,103
AID07201,Middle Lane 2,66.39166666666667,58,152
AID07201,Slow Lane,74.875,1,33
AID07202,Fast Lane,70.83333333333333,29,86
AID07202,Middle Lane,68.30833333333334,153,279
AID07202,Slow Lane,69.71666666666667,22,41
AID07203,Fast Lane,74.18333333333334,69,119
AID07203,Middle Lane,72.90833333333333,164,320
AID07203,Slow Lane,70.38333333333334,24,64
AID07204,Fast Lane,75.05833333333334,209,109
AID07204,Middle Lane,66.525,783,291
AID07204,Slow Lane,69.0,177,65
AID07205,Fast Lane,82.50833333333334,20,129
AID07205,Middle Lane 1,73.30833333333334,17,67
AID07205,Middle Lane 2,75.7,59,289
AID07205,Slow Lane,70.725,0,7
AID07206,Fast Lane,74.56666666666666,73,185
AID07206,Middle Lane,70.775,138,280
AID07206,Slow Lane,69.75,22,63
AID07207,Fast Lane,70.25,44,112
AID07207,Middle Lane,72.925,158,286
AID07207,Slow Lane,72.775,16,48
AID07208,Fast Lane,66.325,253,117
AID07208,Middle Lane,66.075,671,285
AID07208,Slow Lane,69.4,176,29
AID07209,Fast Lane,66.53333333333333,104,134
AID07209,Middle Lane 1,65.15833333333333,23,33
AID07209,Middle Lane 2,66.96666666666667,193,317
AID07209,Slow Lane,65.29166666666667,42,64
AID07210,Fast Lane,71.25,48,124
AID07210,Middle Lane,64.94166666666666,212,341
AID07210,Slow Lane,66.43333333333334,37,50
AID07211,Fast Lane,69.98333333333333,102,134
AID07211,Middle Lane,76.45833333333333,129,278
AID07211,Slow Lane,70.75,4,14
AID07212,Fast Lane,73.0,71,178
AID07212,Middle Lane,70.95833333333333,138,316
AID07212,Slow Lane,71.4,65,152
AID07213,Fast Lane,77.95,95,170
AID07213,Middle Lane,75.68333333333334,166,338
AID07213,Slow Lane,66.58333333333333,105,169
AID07214,Fast Lane,78.025,277,264
AID07214,Middle Lane,90.63333333333334,266,388
AID07214,Slow Lane,81.85833333333333,96,129
AID07215,Fast Lane,76.85,18,107
AID07215,Middle Lane,75.09166666666667,83,304
AID07215,Slow Lane,69.875,67,150
AID07216,Fast Lane,68.84166666666667,36,93
AID07216,Middle Lane,66.94166666666666,140,300
AID07216,Slow Lane,66.14166666666667,34,45
AID07217,Fast Lane,67.53333333333333,75,98
AID07217,Middle Lane,72.9,276,307
AID07217,Slow Lane,54.766666666666666,50,104
AID07218,Fast Lane,66.00833333333334,54,94
AID07218,Middle Lane 1,63.525,53,99
AID07218,Middle Lane 2,71.475,216,258
AID07218,Slow Lane,55.766666666666666,49,68
AID07219,Fast Lane,77.10833333333333,36,75
AID07219,Middle Lane,69.275,78,145
AID07219,Slow Lane,64.06666666666666,196,336
AID07220,Fast Lane,85.20833333333333,192,257
AID07220,Middle Lane 1,75.23333333333333,74,157
AID07220,Middle Lane 2,83.65,82,154
AID07220,Slow Lane,71.26666666666667,32,81
AID07221,Fast Lane,68.45,149,235
AID07221,Middle Lane,73.71666666666667,81,147
AID07221,Slow Lane,68.95,9,33
AID07222,Fast Lane,70.18333333333334,150,306
AID07222,Middle Lane,61.96666666666667,21,104
AID07222,Slow Lane,51.71666666666667,16,28
AID07223,Fast Lane,63.6,327,406
AID07223,Middle Lane,50.11666666666667,11,20
AID07223,Slow Lane,50.166666666666664,22,31
AID07224,Fast Lane,58.208333333333336,30,92
AID07224,Middle Lane 1,55.458333333333336,20,62
AID07224,Middle Lane 2,63.80833333333333,183,344
AID07224,Slow Lane,49.21666666666667,48,61
AID07225,Fast Lane,49.55833333333333,60,85
AID07225,Middle Lane,52.94166666666667,226,256
AID07225,Slow Lane,57.95,85,203
AID07226,Fast Lane,51.541666666666664,73,77
AID07226,Middle Lane 1,51.65,42,61
AID07226,Middle Lane 2,48.21666666666667,424,329
AID07226,Slow Lane,52.05,53,58
AID07227,Fast Lane,52.46666666666667,66,183
AID07227,Slow Lane,52.49166666666667,85,158
AID07228,Fast Lane,78.78333333333333,181,285
AID07228,Middle Lane,74.29166666666667,208,376
AID07228,Slow Lane,68.76666666666667,162,192
AID07229,Fast Lane,87.38333333333334,256,305
AID07229,Slow Lane,77.80833333333334,280,278
AID07230,Fast Lane,90.8,52,208
AID07230,Slow Lane,83.09166666666667,270,352
AID07232,Fast Lane,64.525,30,100
AID07232,Slow Lane,54.30833333333333,45,96
AID08101,Fast Lane,93.3,26,75
AID08101,Middle Lane,81.31666666666666,106,275
AID08101,Slow Lane,101.31666666666666,50,44
AID08102,Fast Lane,102.38333333333334,29,74
AID08102,Middle Lane,114.46666666666667,115,250
AID08102,Slow Lane,106.65833333333333,61,92
AID08103,Fast Lane,100.71666666666667,13,67
AID08103,Middle Lane,91.90833333333333,120,248
AID08103,Slow Lane,90.625,78,96
AID08104,Fast Lane,113.95833333333333,6,42
AID08104,Middle Lane,115.75833333333334,100,250
AID08104,Slow Lane,107.68333333333334,38,128
AID08105,Fast Lane,109.79166666666667,7,46
AID08105,Middle Lane,101.75833333333334,177,286
AID08105,Slow Lane,97.24166666666666,53,81
AID08106,Fast Lane,110.925,13,53
AID08106,Middle Lane,109.81666666666666,145,303
AID08106,Slow Lane,100.53333333333333,51,123
AID08107,Fast Lane,116.425,73,61
AID08107,Middle Lane,120.48333333333333,407,257
AID08107,Slow Lane,107.64166666666667,266,131
AID08108,Fast Lane,115.28333333333333,12,61
AID08108,Middle Lane,109.18333333333334,108,254
AID08108,Slow Lane,108.79166666666667,60,105
AID08109,Fast Lane,114.06666666666666,13,61
AID08109,Middle Lane,113.03333333333333,96,211
AID08109,Slow Lane,110.225,40,132
AID08110,Fast Lane,114.03333333333333,1,49
AID08110,Middle Lane,107.45,14,183
AID08110,Slow Lane,98.85833333333333,56,155
AID08111,Fast Lane,111.25833333333334,5,46
AID08111,Middle Lane,100.45,35,178
AID08111,Slow Lane,87.96666666666667,107,215
AID08112,Fast Lane,105.55,8,41
AID08112,Middle Lane,93.46666666666667,90,163
AID08112,Slow Lane,100.91666666666667,46,81
AID08113,Fast Lane,110.5,4,34
AID08113,Middle Lane,101.95,91,220
AID08113,Slow Lane,101.08333333333333,59,60
AID08114,Fast Lane,113.66666666666667,7,37
AID08114,Middle Lane,107.99166666666666,113,217
AID08114,Slow Lane,106.775,57,83
AID08115,Fast Lane,107.56666666666666,5,36
AID08115,Middle Lane,100.4,90,213
AID08115,Slow Lane,99.70833333333333,31,89
AID08116,Fast Lane,113.18333333333334,4,28
AID08116,Middle Lane,115.54166666666667,57,191
AID08116,Slow Lane,106.41666666666667,41,87
AID08117,Fast Lane,113.58333333333333,11,27
AID08117,Middle Lane,112.53333333333333,111,180
AID08117,Slow Lane,101.76666666666667,58,101
AID08118,Fast Lane,111.66355140186916,4,15
AID08118,Middle Lane,109.76635514018692,84,145
AID08118,Slow Lane,109.18691588785046,172,138
AID08119,Fast Lane,111.85833333333333,4,16
AID08119,Middle Lane,110.61666666666666,57,129
AID08119,Slow Lane,102.51666666666667,98,173
AID08120,Fast Lane,108.16666666666667,14,23
AID08120,Middle Lane,91.15833333333333,66,120
AID08120,Slow Lane,96.875,61,55
AID08121,Fast Lane,111.675,5,13
AID08121,Middle Lane,110.04166666666667,60,120
AID08121,Slow Lane,105.025,41,59
AID08122,Fast Lane,111.01666666666667,9,19
AID08122,Middle Lane,103.04166666666667,72,104
AID08122,Slow Lane,100.35,51,44
AID08201,Fast Lane,87.825,27,60
AID08201,Middle Lane,96.8,130,227
AID08201,Slow Lane,80.875,41,46
AID08202,Fast Lane,111.025,12,58
AID08202,Middle Lane,105.36666666666666,90,217
AID08202,Slow Lane,100.975,40,42
AID08203,Fast Lane,103.1,71,9
AID08203,Middle Lane,91.625,68,38
AID08203,Slow Lane,106.38333333333334,99,5
AID08204,Fast Lane,113.64166666666667,14,35
AID08204,Middle Lane,112.40833333333333,116,255
AID08204,Slow Lane,108.0,43,56
AID08205,Fast Lane,112.14166666666667,22,55
AID08205,Middle Lane,114.31666666666666,137,270
AID08205,Slow Lane,98.7,89,148
AID08206,Fast Lane,113.825,36,63
AID08206,Middle Lane,112.64166666666667,124,256
AID08206,Slow Lane,102.70833333333333,40,115
AID08207,Fast Lane,116.425,3,66
AID08207,Middle Lane,116.8,57,293
AID08207,Slow Lane,103.29166666666667,30,110
AID08208,Fast Lane,115.96666666666667,0,62
AID08208,Middle Lane,117.025,40,299
AID08208,Slow Lane,104.125,33,99
AID08209,Fast Lane,111.0,17,57
AID08209,Middle Lane,102.79166666666667,123,243
AID08209,Slow Lane,105.275,39,77
AID08210,Fast Lane,110.3,16,50
AID08210,Middle Lane,100.36666666666666,139,232
AID08210,Slow Lane,106.175,31,39
AID08211,Fast Lane,112.9,15,53
AID08211,Middle Lane,112.975,118,247
AID08211,Slow Lane,108.79166666666667,55,56
AID08212,Fast Lane,113.725,0,63
AID08212,Middle Lane,109.33333333333333,35,270
AID08212,Slow Lane,101.29166666666667,19,65
AID08213,Fast Lane,120.44166666666666,0,65
AID08213,Middle Lane,115.43333333333334,82,302
AID08213,Slow Lane,105.23333333333333,25,97
AID08214,Fast Lane,118.80833333333334,14,135
AID08214,Middle Lane,109.51666666666667,63,373
AID08214,Slow Lane,104.01666666666667,33,175
AID08215,Fast Lane,116.425,67,148
AID08215,Middle Lane,116.19166666666666,134,341
AID08215,Slow Lane,105.74166666666666,53,130
AID08216,Fast Lane,117.54166666666667,44,109
AID08216,Middle Lane,119.44166666666666,203,392
AID08216,Slow Lane,106.78333333333333,74,124
AID08217,Fast Lane,119.72727272727273,28,121
AID08217,Middle Lane,117.9,144,346
AID08217,Slow Lane,107.53636363636363,74,96
AID08218,Fast Lane,119.425,10,121
AID08218,Middle Lane,114.73333333333333,54,362
AID08218,Slow Lane,111.33333333333333,30,114
AID08219,Fast Lane,117.65,31,127
AID08219,Middle Lane,115.475,127,359
AID08219,Slow Lane,103.125,44,128
AID08220,Fast Lane,111.18333333333334,105,137
AID08220,Middle Lane,115.10833333333333,221,346
AID08220,Slow Lane,106.35833333333333,45,104
AID08222,Fast Lane,103.40833333333333,45,132
AID08222,Middle Lane,85.39166666666667,217,383
AID08222,Slow Lane,96.4,78,141
AID08223,Fast Lane,115.10679611650485,32,124
AID08223,Middle Lane,111.35922330097087,158,359
AID08223,Slow Lane,98.18446601941747,46,105
AID09101,Fast Lane,76.2,12,48
AID09101,Slow Lane,74.64166666666667,6,40
AID09102,Fast Lane,70.0,0,0
AID09102,Middle Lane,71.1,38,52
AID09102,Slow Lane,69.65833333333333,27,58
AID09103,Fast Lane,79.83333333333333,0,1
AID09103,Middle Lane,79.36666666666666,11,52
AID09103,Slow Lane,76.50833333333334,7,48
AID09104,Fast Lane,79.70833333333333,0,19
AID09104,Slow Lane,73.275,18,54
AID09105,Fast Lane,80.575,5,6
AID09105,Slow Lane,87.54166666666667,28,48
AID09106,Fast Lane,80.3,3,15
AID09106,Middle Lane,80.00833333333334,24,81
AID09106,Slow Lane,78.325,41,121
AID09107,Fast Lane,78.85833333333333,1,15
AID09107,Middle Lane,82.10833333333333,20,120
AID09107,Slow Lane,75.375,15,50
AID09108,Fast Lane,79.83333333333333,0,4
AID09108,Middle Lane,87.16666666666667,19,115
AID09108,Slow Lane,72.39166666666667,17,37
AID09109,Fast Lane,70.99166666666666,6,18
AID09109,Middle Lane 1,68.20833333333333,21,41
AID09109,Middle Lane 2,74.21666666666667,34,99
AID09109,Slow Lane,69.08333333333333,4,4
AID09110,Fast Lane,81.25,43,119
AID09110,Slow Lane,78.975,54,116
AID09111,Fast Lane,81.28333333333333,31,96
AID09111,Slow Lane,84.88333333333334,86,140
AID09112,Fast Lane,88.04166666666667,17,82
AID09112,Slow Lane,88.2,12,66
AID09113,Fast Lane,87.925,37,149
AID09114,Fast Lane,74.35,67,152
AID09114,Middle Lane,74.675,132,234
AID09114,Slow Lane,77.14166666666667,30,73
AID09118,Fast Lane,87.35833333333333,53,90
AID09118,Slow Lane,89.84166666666667,71,191
AID09119,Fast Lane,94.69166666666666,22,107
AID09119,Middle Lane,92.125,122,327
AID09119,Slow Lane,83.86666666666666,41,113
AID09121,Fast Lane,98.30833333333334,30,106
AID09121,Middle Lane,93.71666666666667,137,322
AID09121,Slow Lane,90.99166666666666,43,75
AID09122,Fast Lane,92.73333333333333,25,78
AID09122,Middle Lane,85.15833333333333,134,304
AID09122,Slow Lane,79.19166666666666,75,196
AID09123,Fast Lane,95.55,12,59
AID09123,Middle Lane,89.29166666666667,179,296
AID09123,Slow Lane,93.01666666666667,49,114
AID09151,Fast Lane,105.06666666666666,12,72
AID09151,Middle Lane,102.6,103,304
AID09151,Slow Lane,102.05833333333334,85,165
AID09152,Fast Lane,105.84166666666667,3,62
AID09152,Middle Lane,102.49166666666666,64,244
AID09152,Slow Lane,104.5,70,172
AID09153,Fast Lane,99.10833333333333,0,27
AID09153,Middle Lane,96.31666666666666,46,176
AID09153,Slow Lane,91.84166666666667,56,144
AID09154,Fast Lane,102.8,8,30
AID09154,Middle Lane,102.28333333333333,55,166
AID09154,Slow Lane,98.775,27,48
AID09155,Fast Lane,69.73333333333333,0,33
AID09155,Middle Lane,100.36666666666666,36,204
AID09155,Slow Lane,76.95,49,108
AID09156,Fast Lane,102.3,4,31
AID09156,Middle Lane,101.59166666666667,73,238
AID09156,Slow Lane,93.53333333333333,62,143
AID09157,Fast Lane,99.91666666666667,0,2
AID09157,Middle Lane,98.93333333333334,90,226
AID09157,Slow Lane,90.86666666666666,114,164
AID09201,Fast Lane,58.375,0,26
AID09201,Middle Lane,71.00833333333334,53,119
AID09201,Slow Lane,58.25,17,59
AID09202,Fast Lane,81.0,0,23
AID09202,Slow Lane,83.075,21,110
AID09203,Fast Lane,80.55,0,11
AID09203,Slow Lane,81.75,26,123
AID09204,Fast Lane,81.05833333333334,0,8
AID09204,Slow Lane,82.98333333333333,2,26
AID09205,Fast Lane,82.63333333333334,3,9
AID09205,Slow Lane,81.35833333333333,2,28
AID09206,Fast Lane,80.0,0,0
AID09206,Middle Lane,80.725,11,30
AID09206,Slow Lane,82.58333333333333,10,52
AID09207,Fast Lane,78.54166666666667,0,28
AID09207,Slow Lane,80.15,4,46
AID09208,Fast Lane,55.775,8,26
AID09208,Slow Lane,58.025,29,90
AID09251,Fast Lane,95.11666666666666,3,26
AID09251,Middle Lane,80.93333333333334,77,203
AID09251,Slow Lane,85.61666666666666,46,63
AID09252,Fast Lane,99.54166666666667,0,34
AID09252,Middle Lane,93.75833333333334,56,197
AID09252,Slow Lane,97.5,38,75
AID09253,Fast Lane,103.575,0,21
AID09253,Middle Lane,98.825,67,167
AID09253,Slow Lane,99.225,51,115
AID09254,Fast Lane,96.69166666666666,0,20
AID09254,Middle Lane,82.3,52,151
AID09254,Slow Lane,78.225,61,116
AID09255,Fast Lane,101.26666666666667,0,8
AID09255,Middle Lane,97.51666666666667,28,142
AID09255,Slow Lane,89.83333333333333,18,56
AID09256,Fast Lane,105.20833333333333,2,26
AID09256,Middle Lane,107.78333333333333,69,187
AID09256,Slow Lane,95.975,21,67
AID09257,Fast Lane,100.99166666666666,6,21
AID09257,Middle Lane,103.29166666666667,79,211
AID09257,Slow Lane,99.45833333333333,19,49
AID09258,Fast Lane,102.98333333333333,5,40
AID09258,Middle Lane,97.18333333333334,64,246
AID09258,Slow Lane,95.23333333333333,38,102
AID10101,Fast Lane,78.4,25,12
AID10102,Fast Lane,80.0,0,0
AID10102,Middle Lane,78.45833333333333,11,13
AID10102,Slow Lane,79.84166666666667,15,13
AID10103,Fast Lane,80.0,0,0
AID10103,Slow Lane,79.15,8,5
AID10104,Fast Lane,80.0,0,0
AID10104,Slow Lane,76.08333333333333,25,15
AID10105,Fast Lane,80.0,0,0
AID10105,Middle Lane,80.0,0,0
AID10105,Slow Lane,77.64166666666667,21,24
AID10106,Fast Lane,80.0,0,0
AID10106,Middle Lane,80.0,0,0
AID10106,Slow Lane,77.18333333333334,23,20
AID10107,Fast Lane,80.0,0,0
AID10107,Middle Lane,80.0,0,0
AID10107,Slow Lane,80.88333333333334,25,28
AID10108,Fast Lane,80.0,0,0
AID10108,Middle Lane,80.0,0,0
AID10108,Slow Lane,78.55,16,21
AID10109,Fast Lane,80.0,0,0
AID10109,Middle Lane,79.23333333333333,0,4
AID10109,Slow Lane,75.66666666666667,26,20
AID10110,Fast Lane,80.0,0,0
AID10110,Middle Lane,80.0,0,0
AID10110,Slow Lane,80.11666666666666,14,15
AID10111,Fast Lane,80.0,0,0
AID10111,Middle Lane,80.0,0,0
AID10111,Slow Lane,79.10833333333333,25,15
AID10112,Fast Lane,80.0,0,0
AID10112,Middle Lane,80.0,0,0
AID10112,Slow Lane,80.59166666666667,12,23
AID10113,Fast Lane,100.0,0,0
AID10113,Middle Lane,99.45,0,3
AID10113,Slow Lane,99.03333333333333,14,25
AID10114,Fast Lane,100.0,0,0
AID10114,Middle Lane,99.71666666666667,0,2
AID10114,Slow Lane,97.34166666666667,32,15
AID10115,Fast Lane,100.0,0,0
AID10115,Middle Lane,99.89166666666667,0,1
AID10115,Slow Lane,98.23333333333333,35,17
AID10116,Fast Lane,100.0,0,0
AID10116,Middle Lane,99.7,0,4
AID10116,Slow Lane,95.79166666666667,28,21
AID10117,Fast Lane,100.0,0,0
AID10117,Middle Lane,99.64166666666667,0,1
AID10117,Slow Lane,96.44166666666666,23,18
AID10118,Fast Lane,100.0,0,0
AID10118,Middle Lane,99.89166666666667,0,1
AID10118,Slow Lane,98.825,38,21
AID10119,Fast Lane,100.0,0,0
AID10119,Middle Lane,99.66666666666667,6,4
AID10119,Slow Lane,95.2,23,15
AID10120,Fast Lane,80.0,0,0
AID10120,Middle Lane,80.19166666666666,13,9
AID10120,Slow Lane,84.65833333333333,30,97
AID10202,Fast Lane,100.0,0,0
AID10202,Middle Lane,99.7,2,2
AID10202,Slow Lane,99.24166666666666,1,7
AID10203,Fast Lane,100.0,0,0
AID10203,Middle Lane,100.0,0,0
AID10203,Slow Lane,99.26666666666667,1,9
AID10204,Fast Lane,100.0,0,0
AID10204,Middle Lane,100.0,0,0
AID10204,Slow Lane,97.7,13,14
AID10205,Fast Lane,100.0,0,0
AID10205,Middle Lane,100.0,0,0
AID10205,Slow Lane,100.4,18,12
AID10206,Fast Lane,100.0,0,0
AID10206,Middle Lane,100.0,0,0
AID10206,Slow Lane,99.23333333333333,10,11
AID10207,Fast Lane,100.0,0,0
AID10207,Middle Lane,100.0,0,0
AID10207,Slow Lane,98.51666666666667,2,5
AID10208,Fast Lane,100.0,0,0
AID10208,Middle Lane,99.975,1,3
AID10208,Slow Lane,97.58333333333333,17,20
AID10209,Fast Lane,80.0,0,0
AID10209,Middle Lane,79.59166666666667,7,5
AID10209,Slow Lane,79.39166666666667,9,9
AID10210,Fast Lane,80.0,0,0
AID10210,Middle Lane,80.15833333333333,1,2
AID10210,Slow Lane,80.525,8,9
AID10211,Fast Lane,80.0,0,0
AID10211,Middle Lane,80.5,3,6
AID10211,Slow Lane,81.25833333333334,9,11
AID10212,Fast Lane,80.0,0,0
AID10212,Middle Lane,80.35,3,6
AID10212,Slow Lane,80.59166666666667,7,8
AID10213,Fast Lane,80.0,0,0
AID10213,Middle Lane,79.95,3,6
AID10213,Slow Lane,78.96666666666667,14,13
AID10214,Fast Lane,80.0,0,0
AID10214,Middle Lane,81.025,0,5
AID10214,Slow Lane,78.275,13,18
AID10215,Fast Lane,80.0,0,0
AID10215,Middle Lane,79.95833333333333,0,1
AID10215,Slow Lane,79.79166666666667,13,10
AID10216,Fast Lane,80.0,0,0
AID10216,Middle Lane,79.94166666666666,2,3
AID10216,Slow Lane,79.34166666666667,12,10
AID10218,Fast Lane,80.0,0,0
AID10218,Slow Lane,80.43333333333334,0,2
TDS10001,Fast Lane,77.90833333333333,44,3
TDS10001,Middle Lane,81.375,269,267
TDS10001,Slow Lane,78.19166666666666,230,202
TDS10002,Fast Lane,78.75833333333334,45,45
TDS10002,Slow Lane,74.23333333333333,89,106
TDS10003,Fast Lane,78.9,126,120
TDS10003,Slow Lane,83.78333333333333,48,68
TDS10004,Fast Lane,85.1,61,60
TDS10004,Middle Lane,82.65833333333333,199,134
TDS10004,Slow Lane,80.775,49,37
TDS10005,Fast Lane,82.525,31,41
TDS10005,Slow Lane,87.33333333333333,99,105
TDS10006,Fast Lane,76.625,60,66
TDS10006,Slow Lane,71.75833333333334,121,109
TDS10007,Fast Lane,78.1,104,122
TDS10007,Slow Lane,70.59166666666667,244,203
TDS10008,Fast Lane,81.30833333333334,124,120
TDS10008,Slow Lane,74.025,293,220
TDS10010,Fast Lane,70.60833333333333,320,187
TDS10010,Slow Lane,76.49166666666666,304,192
TDS10011,Fast Lane,77.225,159,147
TDS10011,Middle Lane,73.34166666666667,218,191
TDS10011,Slow Lane,49.61666666666667,302,97
TDS10012,Fast Lane,76.59166666666667,33,85
TDS10012,Middle Lane,80.39166666666667,175,198
TDS10012,Slow Lane,76.44166666666666,286,75
TDS10013,Fast Lane,79.23333333333333,191,185
TDS10013,Middle Lane,76.69166666666666,340,264
TDS10013,Slow Lane,78.38333333333334,61,22
TDS20001,Fast Lane,81.13333333333334,6,7
TDS20001,Slow Lane,81.45,60,60
TDS20002,Fast Lane,81.51666666666667,8,13
TDS20002,Slow Lane,81.04166666666667,67,66
TDS20003,Fast Lane,79.475,11,18
TDS20003,Middle Lane 1,78.13333333333334,111,105
TDS20003,Middle Lane 2,75.5,47,73
TDS20003,Slow Lane,74.45,135,95
TDS20004,Fast Lane,79.26666666666667,5,12
TDS20004,Middle Lane,86.91666666666667,56,84
TDS20004,Slow Lane,79.34166666666667,136,150
TDS20005,Fast Lane,85.35833333333333,29,37
TDS20005,Middle Lane,85.05,124,112
TDS20005,Slow Lane,86.375,95,80
TDS20006,Fast Lane,77.78333333333333,46,45
TDS20006,Middle Lane,77.64166666666667,135,134
TDS20006,Slow Lane,78.50833333333334,151,129
TDS20007,Fast Lane,74.65833333333333,72,74
TDS20007,Slow Lane,76.75,64,43
TDS20008,Fast Lane,80.15833333333333,49,80
TDS20008,Slow Lane,76.06666666666666,219,209
TDS20009,Fast Lane,88.94166666666666,51,70
TDS20009,Slow Lane,87.14166666666667,106,99
TDS30001,Fast Lane,81.85470085470085,12,19
TDS30001,Middle Lane,79.72649572649573,99,118
TDS30001,Slow Lane,78.03418803418803,32,33
TDS30002,Fast Lane,99.94871794871794,1,1
TDS30002,Middle Lane,96.99145299145299,99,117
TDS30002,Slow Lane,93.64102564102564,43,48
TDS30003,Fast Lane,101.58974358974359,1,9
TDS30003,Middle Lane,99.1025641025641,83,103
TDS30003,Slow Lane,94.8974358974359,41,50
TDS30004,Fast Lane,100.88034188034187,1,11
TDS30004,Middle Lane,106.16239316239316,67,88
TDS30004,Slow Lane,95.98290598290598,44,34
TDS30005,Fast Lane,98.09482758620689,3,17
TDS30005,Middle Lane 1,100.87068965517241,5,18
TDS30005,Middle Lane 2,103.06896551724138,4,27
TDS30005,Slow Lane,98.87931034482759,14,11
TDS30006,Fast Lane,99.46315789473684,1,6
TDS30006,Middle Lane,101.38947368421053,37,57
TDS30006,Slow Lane,97.2,13,15
TDS30007,Fast Lane,98.99145299145299,5,15
TDS30007,Slow Lane,95.82051282051282,21,30
TDS30008,Fast Lane,100.61538461538461,8,19
TDS30008,Slow Lane,99.47863247863248,30,36
TDS90001,Fast Lane,93.825,54,53
TDS90001,Middle Lane,91.98333333333333,280,221
TDS90001,Slow Lane,86.40833333333333,189,141
TDS90002,Fast Lane,96.84166666666667,39,51
TDS90002,Middle Lane 1,86.175,91,103
TDS90002,Middle Lane 2,82.8,247,234
TDS90002,Slow Lane,89.98333333333333,81,47
TDS90003,Fast Lane,82.78333333333333,32,37
TDS90003,Middle Lane,77.54166666666667,313,263
TDS90003,Slow Lane,74.65,198,144
TDS90005,Fast Lane,78.00833333333334,56,3
TDS90005,Middle Lane,85.13333333333334,253,265
TDS90005,Slow Lane,80.35833333333333,245,207
TDS90010,Fast Lane,81.52991452991454,66,71
TDS90010,Slow Lane,81.41025641025641,35,64
TDS90011,Fast Lane,82.56410256410257,66,71
TDS90011,Slow Lane,79.1025641025641,87,84
TDS90012,Fast Lane,80.6923076923077,36,55
TDS90012,Slow Lane,81.43589743589743,78,89
TDS90013,Fast Lane,80.64102564102564,9,15
TDS90013,Middle Lane,79.55555555555556,78,113
TDS90013,Slow Lane,74.95726495726495,65,65
TDS90014,Fast Lane,80.11111111111111,1,3
TDS90014,Middle Lane,80.68376068376068,120,128
TDS90014,Slow Lane,74.09401709401709,73,73
TDS90015,Fast Lane,80.09401709401709,2,2
TDS90015,Middle Lane,85.7008547008547,78,113
TDS90015,Slow Lane,79.27350427350427,58,73
TDS90016,Fast Lane,73.69166666666666,48,54
TDS90016,Middle Lane 1,67.39166666666667,74,82
TDS90016,Middle Lane 2,72.05,197,188
TDS90016,Slow Lane,67.89166666666667,87,64
TDS90017,Fast Lane,75.66666666666667,38,35
TDS90017,Middle Lane,88.06666666666666,244,192
TDS90017,Slow Lane,83.05,168,140
TDS90018,Fast Lane,78.31666666666666,167,73
TDS90018,Middle Lane,75.80833333333334,761,250
TDS90018,Slow Lane,73.36666666666666,297,105
TDS90019,Fast Lane,72.14166666666667,22,24
TDS90019,Middle Lane,73.525,221,193
TDS90019,Slow Lane,68.31666666666666,158,132
TDS90020,Fast Lane,80.25,17,47
TDS90020,Middle Lane,76.63333333333334,149,176
TDS90020,Slow Lane,77.13333333333334,138,119
TDS90021,Fast Lane,73.54166666666667,66,59
TDS90021,Middle Lane 1,68.74166666666666,34,22
TDS90021,Middle Lane 2,73.15833333333333,289,206
TDS90021,Slow Lane,67.01666666666667,172,93
TDS90022,Fast Lane,73.05,33,41
TDS90022,Middle Lane,68.35,273,240
TDS90022,Slow Lane,68.29166666666667,27,30
TDS90023,Fast Lane,7.216666666666667,12000,3154
TDS90023,Middle Lane 1,12.391666666666667,12000,3904
TDS90023,Middle Lane 2,10.033333333333333,12000,3637
TDS90023,Slow Lane,1.175,12000,4666
TDS90024,Fast Lane,93.20833333333333,59,97
TDS90024,Middle Lane,88.2,289,329
TDS90024,Slow Lane,84.125,193,178
TDS90025,Fast Lane,77.675,118,116
TDS90025,Middle Lane,80.86666666666666,352,288
TDS90025,Slow Lane,82.71666666666667,215,165
TDS90026,Fast Lane,80.51282051282051,121,132
TDS90026,Middle Lane,77.08547008547009,321,275
TDS90026,Slow Lane,70.96581196581197,155,91
TDS90028,Fast Lane,85.05,61,75
TDS90028,Middle Lane,82.85833333333333,332,304
TDS90028,Slow Lane,80.50833333333334,190,110
TDS90029,Fast Lane,87.15833333333333,35,65
TDS90029,Middle Lane,86.98333333333333,187,315
TDS90029,Slow Lane,78.26666666666667,92,122
TDS90030,Fast Lane,82.65833333333333,25,56
TDS90030,Middle Lane,85.40833333333333,160,260
TDS90030,Slow Lane,81.84166666666667,117,123
TDS90031,Fast Lane,86.61666666666666,57,70
TDS90031,Middle Lane,86.525,320,292
TDS90031,Slow Lane,76.99166666666666,271,158
TDS90032,Fast Lane,91.78632478632478,43,80
TDS90032,Middle Lane,103.33333333333333,213,260
TDS90032,Slow Lane,89.83760683760684,140,136
TDS90033,Fast Lane,91.00833333333334,39,113
TDS90033,Middle Lane,86.01666666666667,218,317
TDS90033,Slow Lane,82.41666666666667,166,169
TDS90034,Fast Lane,83.34166666666667,70,101
TDS90034,Middle Lane,80.6,403,319
TDS90034,Slow Lane,80.40833333333333,173,144
TDS90035,Fast Lane,86.81666666666666,18,71
TDS90035,Middle Lane,98.51666666666667,240,298
TDS90035,Slow Lane,91.0,104,114
TDS90036,Fast Lane,96.74166666666666,56,115
TDS90036,Middle Lane 1,88.6,107,90
TDS90036,Middle Lane 2,104.99166666666666,215,261
TDS90036,Slow Lane,80.325,3,1
TDS90037,Fast Lane,87.83333333333333,62,93
TDS90037,Middle Lane,87.66666666666667,221,256
TDS90037,Slow Lane,77.49166666666666,167,141
TDS90038,Fast Lane,82.48333333333333,59,85
TDS90038,Middle Lane,80.375,299,283
TDS90038,Slow Lane,69.325,173,125
TDS90039,Fast Lane,96.5,38,93
TDS90039,Middle Lane,106.70833333333333,126,226
TDS90039,Slow Lane,90.36666666666666,86,127
TDS90041,Fast Lane,89.325,74,106
TDS90041,Middle Lane,93.1,272,270
TDS90041,Slow Lane,85.85833333333333,75,103
TDS90042,Fast Lane,85.94166666666666,50,89
TDS90042,Middle Lane,81.525,223,291
TDS90042,Slow Lane,80.15833333333333,152,160
TDS90043,Fast Lane,84.26666666666667,44,73
TDS90043,Middle Lane,82.73333333333333,227,277
TDS90043,Slow Lane,79.85,186,190
TDS90044,Fast Lane,88.13333333333334,60,82
TDS90044,Middle Lane,79.73333333333333,277,260
TDS90044,Slow Lane,79.41666666666667,243,172
TDS90046,Fast Lane,73.15833333333333,40,41
TDS90046,Middle Lane,78.425,289,238
TDS90046,Slow Lane,72.25,283,196
TDS90048,Fast Lane,68.2905982905983,53,72
TDS90048,Middle Lane,57.70940170940171,346,343
TDS90048,Slow Lane,56.9059829059829,206,168
TDS90049,Fast Lane,69.06837606837607,181,178
TDS90049,Middle Lane 1,69.04273504273505,280,189
TDS90049,Middle Lane 2,71.09401709401709,443,380
TDS90049,Slow Lane,56.70940170940171,170,55
TDS90051,Fast Lane,83.37606837606837,587,342
TDS90051,Middle Lane 1,74.6923076923077,255,172
TDS90051,Middle Lane 2,76.04273504273505,523,344
TDS90051,Slow Lane,70.23931623931624,124,89
TDS90052,Fast Lane,84.76923076923077,182,221
TDS90052,Middle Lane,73.11111111111111,420,375
TDS90052,Slow Lane,9.333333333333334,2778,584
TDS90053,Fast Lane,79.24786324786325,628,261
TDS90053,Middle Lane,79.06837606837607,371,355
TDS90053,Slow Lane,82.99145299145299,186,205
TDS90055,Fast Lane,92.56666666666666,81,134
TDS90055,Middle Lane,87.11666666666666,366,372
TDS90055,Slow Lane,78.6,223,134
TDS90056,Fast Lane,79.11666666666666,85,98
TDS90056,Middle Lane,73.93333333333334,383,359
TDS90056,Slow Lane,70.71666666666667,215,164
TDS90057,Fast Lane,90.75213675213675,122,134
TDS90057,Middle Lane,91.7008547008547,377,321
TDS90057,Slow Lane,85.58119658119658,263,207
TDS90059,Fast Lane,89.05982905982906,33,59
TDS90059,Middle Lane,88.25641025641026,259,293
TDS90059,Slow Lane,89.07692307692308,315,315
TDS90060,Fast Lane,88.98290598290598,36,62
TDS90060,Middle Lane,91.64102564102564,203,212
TDS90060,Slow Lane,81.76923076923077,179,165
TDS90061,Fast Lane,91.1025641025641,20,55
TDS90061,Middle Lane,86.8119658119658,240,252
TDS90061,Slow Lane,80.35897435897436,219,201
TDS90062,Fast Lane,87.28865979381443,20,43
TDS90062,Middle Lane,98.26804123711341,171,235
TDS90062,Slow Lane,94.37113402061856,180,174
TDS90063,Fast Lane,87.00854700854701,44,58
TDS90063,Middle Lane 1,83.51282051282051,76,70
TDS90063,Middle Lane 2,90.0,235,249
TDS90063,Slow Lane,68.85470085470085,272,192
TDS90064,Fast Lane,86.84615384615384,24,43
TDS90064,Middle Lane,71.88034188034187,353,317
TDS90064,Slow Lane,67.5982905982906,203,143
TDS90065,Fast Lane,88.33333333333333,25,40
TDS90065,Middle Lane,92.66666666666667,201,243
TDS90065,Slow Lane,92.05128205128206,171,190
TDS90066,Fast Lane,85.44444444444444,31,55
TDS90066,Middle Lane,84.6923076923077,215,203
TDS90066,Slow Lane,75.98290598290598,172,184
TDS90067,Fast Lane,85.4957264957265,61,67
TDS90067,Middle Lane,84.57264957264957,195,171
TDS90067,Slow Lane,58.8034188034188,285,218
TDS90068,Fast Lane,88.56410256410257,63,93
TDS90068,Slow Lane,83.05982905982906,204,187
TDS90071,Fast Lane,91.925,93,161
TDS90071,Slow Lane,77.89166666666667,296,291
TDS90072,Fast Lane,101.6,118,194
TDS90072,Slow Lane,89.81666666666666,216,212
TDS90073,Fast Lane,92.45,67,149
TDS90073,Middle Lane,92.9,84,141
TDS90073,Slow Lane,103.175,13,20
TDS90074,Fast Lane,102.49166666666666,22,33
TDS90074,Middle Lane,95.125,159,203
TDS90074,Slow Lane,88.34166666666667,136,141
TDS90075,Fast Lane,96.70833333333333,42,42
TDS90075,Middle Lane,79.19166666666666,204,236
TDS90075,Slow Lane,77.16666666666667,185,163
TDS90076,Fast Lane,103.875,6,32
TDS90076,Middle Lane,103.28333333333333,150,222
TDS90076,Slow Lane,94.45833333333333,133,142
TDS90077,Fast Lane,102.4,5,19
TDS90077,Middle Lane,102.475,142,222
TDS90077,Slow Lane,93.04166666666667,135,163
TDS90078,Fast Lane,97.225,54,85
TDS90078,Middle Lane,97.84166666666667,216,274
TDS90078,Slow Lane,93.15,79,53
TDS90079,Fast Lane,94.24166666666666,62,75
TDS90079,Middle Lane,93.3,210,266
TDS90079,Slow Lane,91.11666666666666,79,57
TDS90080,Fast Lane,105.18333333333334,40,94
TDS90080,Middle Lane,90.975,224,277
TDS90080,Slow Lane,92.01666666666667,69,52
TDS90081,Fast Lane,102.45,52,107
TDS90081,Middle Lane,96.875,237,285
TDS90081,Slow Lane,95.24166666666666,77,56
TDS90083,Fast Lane,103.25833333333334,35,82
TDS90083,Middle Lane,98.15833333333333,245,295
TDS90083,Slow Lane,99.50833333333334,53,35
TDS90084,Fast Lane,101.66666666666667,45,68
TDS90084,Middle Lane,100.975,298,264
TDS90084,Slow Lane,99.0,54,42
TDS90086,Fast Lane,102.825,66,118
TDS90086,Middle Lane,94.84166666666667,95,136
TDS90086,Slow Lane,99.78333333333333,4,2
TDS90087,Fast Lane,100.11666666666666,63,117
TDS90087,Middle Lane,85.74166666666666,299,277
TDS90087,Slow Lane,95.33333333333333,99,86
TDS90088,Fast Lane,88.525,61,120
TDS90088,Middle Lane,76.38333333333334,321,316
TDS90088,Slow Lane,88.95833333333333,72,57
TDS90089,Fast Lane,102.29166666666667,25,67
TDS90089,Middle Lane 1,87.49166666666666,85,88
TDS90089,Middle Lane 2,88.60833333333333,236,287
TDS90089,Slow Lane,100.0,0,0
TDS90090,Fast Lane,97.16666666666667,41,65
TDS90090,Middle Lane,89.41666666666667,237,273
TDS90090,Slow Lane,93.625,112,103
TDS90091,Fast Lane,99.6,16,57
TDS90091,Middle Lane,89.1,178,231
TDS90091,Slow Lane,93.53333333333333,136,117
TDS90092,Fast Lane,85.1,90,84
TDS90092,Middle Lane,71.85833333333333,395,271
TDS90092,Slow Lane,73.46666666666667,220,128
TDS91001,Fast Lane,73.00833333333334,29,47
TDS91001,Middle Lane,74.35,173,154
TDS91001,Slow Lane,75.89166666666667,66,112
TDS91002,Middle Lane,79.59166666666667,112,107
TDS91002,Slow Lane,79.275,126,161
TDS91003,Fast Lane,71.53333333333333,0,11
TDS91003,Middle Lane,75.46666666666667,50,115
TDS91003,Slow Lane,72.23333333333333,79,105
TDS91004,Fast Lane,71.98333333333333,14,37
TDS91004,Middle Lane,80.34166666666667,126,157
TDS91004,Slow Lane,74.35,81,105
TDS91005,Fast Lane,74.64166666666667,29,21
TDS91005,Middle Lane 1,74.74166666666666,113,96
TDS91005,Middle Lane 2,72.10833333333333,153,182
TDS91006,Fast Lane,71.4,3,7
TDS91006,Middle Lane 1,77.15833333333333,64,67
TDS91006,Middle Lane 2,78.49166666666666,132,145
TDS91006,Slow Lane,72.18333333333334,94,75
TDS91007,Fast Lane,71.31666666666666,4,11
TDS91007,Middle Lane,81.63333333333334,99,141
TDS91007,Slow Lane,69.65833333333333,71,68
TDS91008,Fast Lane,73.15833333333333,7,14
TDS91008,Middle Lane,79.30833333333334,115,143
TDS91008,Slow Lane,80.86666666666666,61,75
TDS91009,Fast Lane,74.25833333333334,14,19
TDS91009,Middle Lane 1,82.29166666666667,151,131
TDS91009,Middle Lane 2,89.15833333333333,191,174
TDS91009,Slow Lane,84.23333333333333,86,107
TDS91010,Fast Lane,70.50833333333334,21,35
TDS91010,Middle Lane 1,71.69166666666666,64,104
TDS91010,Middle Lane 2,72.025,70,123
TDS91010,Slow Lane,66.26666666666667,66,70
TDS91011,Fast Lane,92.86324786324786,6,48
TDS91011,Middle Lane,97.1025641025641,108,201
TDS91011,Slow Lane,85.34188034188034,59,86
TDS91012,Fast Lane,86.08333333333333,31,60
TDS91012,Middle Lane,89.20833333333333,161,209
TDS91012,Slow Lane,85.24166666666666,88,85
TDS91013,Fast Lane,83.95833333333333,13,47
TDS91013,Middle Lane,76.50833333333334,129,206
TDS91013,Slow Lane,78.25833333333334,20,50
TDS91014,Fast Lane,80.13333333333334,71,74
TDS91014,Middle Lane,80.1,269,211
TDS91014,Slow Lane,82.275,110,92
TDS91015,Fast Lane,94.63333333333334,69,111
TDS91015,Middle Lane,83.59166666666667,110,176
TDS91015,Slow Lane,78.59166666666667,150,110
TDS91016,Fast Lane,82.975,13,20
TDS91016,Middle Lane,89.95,93,135
TDS91016,Slow Lane,88.08333333333333,139,172
TDS91017,Fast Lane,81.86666666666666,3,15
TDS91017,Middle Lane,88.49166666666666,128,149
TDS91017,Slow Lane,85.40833333333333,144,139
TDS91018,Fast Lane,82.8,2,12
TDS91018,Middle Lane 1,94.60833333333333,43,110
TDS91018,Middle Lane 2,85.85,41,82
TDS91018,Slow Lane,78.13333333333334,52,66
TDS91019,Fast Lane,80.00833333333334,26,35
TDS91019,Middle Lane 1,87.7,101,96
TDS91019,Middle Lane 2,87.675,114,124
TDS91019,Slow Lane,84.98333333333333,89,68
TDS91020,Fast Lane,86.45,5,32
TDS91020,Middle Lane,84.13333333333334,59,134
TDS91020,Slow Lane,79.08333333333333,16,51
TDS91021,Fast Lane,82.15,27,40
TDS91021,Middle Lane,76.70833333333333,213,217
TDS91021,Slow Lane,80.40833333333333,49,41
TDS91022,Fast Lane,84.9,26,57
TDS91022,Middle Lane,78.00833333333334,189,227
TDS91022,Slow Lane,72.275,143,90
TDS91023,Fast Lane,83.20833333333333,11,36
TDS91023,Middle Lane,86.23333333333333,123,229
TDS91023,Slow Lane,76.13333333333334,161,112
TDS91024,Fast Lane,80.225,3,3
TDS91024,Middle Lane 1,78.00833333333334,276,226
TDS91024,Middle Lane 2,81.80833333333334,64,59
TDS91024,Slow Lane,79.76666666666667,219,109
TDS91025,Fast Lane,80.33333333333333,2,4
TDS91025,Middle Lane 1,81.425,74,148
TDS91025,Middle Lane 2,85.06666666666666,16,55
TDS91025,Slow Lane,80.3,52,73
TDS91026,Fast Lane,82.56666666666666,39,57
TDS91026,Middle Lane,81.275,164,189
TDS91026,Slow Lane,76.84166666666667,97,81
TDS91028,Fast Lane,81.95833333333333,23,39
TDS91028,Middle Lane,87.08333333333333,162,218
TDS91028,Slow Lane,73.15833333333333,170,133
TDS91030,Fast Lane,83.175,11,23
TDS91030,Middle Lane 1,81.7,155,149
TDS91030,Middle Lane 2,88.75833333333334,102,145
TDS91030,Slow Lane,80.06666666666666,70,72
TDS91031,Fast Lane,86.61666666666666,8,29
TDS91031,Middle Lane 1,81.79166666666667,39,55
TDS91031,Middle Lane 2,91.29166666666667,178,210
TDS91031,Slow Lane,80.4,36,35
TDS91032,Fast Lane,69.56666666666666,0,4
TDS91032,Slow Lane,70.0,0,1
TDS91035,Fast Lane,76.04166666666667,86,97
TDS91035,Middle Lane,77.0,385,298
TDS91035,Slow Lane,72.525,311,190
TDS91037,Fast Lane,75.25,58,71
TDS91037,Middle Lane,63.541666666666664,372,304
TDS91037,Slow Lane,62.125,334,255
TDS91038,Fast Lane,105.875,143,197
TDS91038,Middle Lane,88.09166666666667,319,338
TDS91038,Slow Lane,86.25833333333334,182,151
TDS91040,Fast Lane,100.43589743589743,47,105
TDS91040,Middle Lane,91.55555555555556,306,341
TDS91040,Slow Lane,87.54700854700855,29,13
TDS91041,Fast Lane,83.41880341880342,40,63
TDS91041,Middle Lane,85.82905982905983,312,314
TDS91041,Slow Lane,85.23076923076923,94,75
TDS91042,Fast Lane,89.05128205128206,15,37
TDS91042,Middle Lane,91.72649572649573,267,292
TDS91042,Slow Lane,84.0,90,88
TDS91043,Fast Lane,80.82051282051282,41,55
TDS91043,Slow Lane,76.85470085470085,269,275
TDS91044,Fast Lane,84.62393162393163,20,45
TDS91044,Middle Lane,84.57264957264957,307,309
TDS91044,Slow Lane,73.1880341880342,241,176
TDS91045,Fast Lane,84.80341880341881,19,39
TDS91045,Middle Lane 1,73.77777777777777,181,135
TDS91045,Middle Lane 2,79.54700854700855,213,225
TDS91045,Slow Lane,58.12820512820513,277,166
TDS91046,Fast Lane,86.77777777777777,18,22
TDS91046,Middle Lane,95.34188034188034,225,242
TDS91046,Slow Lane,92.13675213675214,303,255
TDS91047,Fast Lane,80.67521367521367,13,18
TDS91047,Middle Lane,81.67521367521367,152,201
TDS91047,Slow Lane,75.48717948717949,98,91
TDS91048,Fast Lane,85.17948717948718,19,35
TDS91048,Middle Lane,88.82905982905983,153,202
TDS91048,Slow Lane,77.7094017094017,207,200
TDS91049,Fast Lane,83.1880341880342,49,55
TDS91049,Middle Lane,83.21367521367522,169,192
TDS91049,Slow Lane,80.93162393162393,224,187
TDS91050,Fast Lane,86.24786324786325,48,75
TDS91050,Middle Lane,93.93162393162393,141,230
TDS91050,Slow Lane,82.16239316239316,142,171
TDS91051,Fast Lane,90.27350427350427,82,125
TDS91051,Middle Lane 1,74.17948717948718,99,83
TDS91051,Middle Lane 2,82.61538461538461,164,200
TDS91051,Slow Lane,79.72649572649573,32,38
TDS91052,Fast Lane,84.92307692307692,69,125
TDS91052,Slow Lane,79.07692307692308,151,153
TDS91053,Fast Lane,95.34188034188034,65,126
TDS91053,Middle Lane,93.88888888888889,104,134
TDS91053,Slow Lane,78.27350427350427,11,38
TDS91054,Fast Lane,91.35042735042735,96,113
TDS91054,Slow Lane,86.74358974358974,224,187
TDS91055,Fast Lane,94.14529914529915,65,126
TDS91055,Middle Lane,89.35897435897436,174,199
TDS91055,Slow Lane,83.75213675213675,152,109
TDS91056,Fast Lane,74.28205128205128,243,214
TDS91056,Slow Lane,73.13675213675214,176,153
TDS91057,Fast Lane,93.07692307692308,154,200
TDS91057,Slow Lane,81.09401709401709,76,84
TDS91058,Fast Lane,102.12820512820512,16,21
TDS91058,Middle Lane,114.07692307692308,253,234
TDS91058,Slow Lane,104.67521367521367,230,191
TDS91059,Fast Lane,100.57264957264957,8,24
TDS91059,Middle Lane,105.52991452991454,149,263
TDS91059,Slow Lane,100.35897435897436,75,143
TDS91060,Fast Lane,98.35897435897436,3,18
TDS91060,Middle Lane,92.1880341880342,182,267
TDS91060,Slow Lane,90.08547008547009,111,140
TDS91061,Fast Lane,100.48717948717949,11,33
TDS91061,Middle Lane 1,85.4957264957265,73,82
TDS91061,Middle Lane 2,87.8974358974359,176,237
TDS91061,Slow Lane,82.23076923076923,590,50
TDS91062,Fast Lane,100.56666666666666,37,36
TDS91062,Middle Lane,96.00833333333334,227,244
TDS91062,Slow Lane,98.875,50,60
TDS91063,Fast Lane,98.35,22,49
TDS91063,Middle Lane,93.16666666666667,185,251
TDS91063,Slow Lane,92.98333333333333,66,93
TDS91064,Fast Lane,96.25,26,41
TDS91064,Middle Lane,86.66666666666667,218,266
TDS91064,Slow Lane,89.09166666666667,73,87
TDS91065,Fast Lane,103.73333333333333,14,39
TDS91065,Middle Lane,110.85833333333333,125,256
TDS91065,Slow Lane,96.3,77,100
TDS91066,Fast Lane,106.64166666666667,7,38
TDS91066,Middle Lane,99.625,168,277
TDS91066,Slow Lane,95.225,85,95
TDS91067,Fast Lane,101.79166666666667,42,57
TDS91067,Middle Lane,100.05,247,258
TDS91067,Slow Lane,98.75,70,73
TDS91068,Fast Lane,100.875,26,50
TDS91068,Middle Lane,95.49166666666666,172,256
TDS91068,Slow Lane,95.475,75,84
TDS91069,Fast Lane,100.0,21,34
TDS91069,Middle Lane,89.61666666666666,202,268
TDS91069,Slow Lane,90.075,116,126
TDS91070,Fast Lane,99.39166666666667,6,13
TDS91070,Middle Lane,93.51666666666667,88,139
TDS91070,Slow Lane,82.7,231,268
TDS91071,Fast Lane,98.91666666666667,13,22
TDS91071,Middle Lane,95.70833333333333,93,146
TDS91071,Slow Lane,97.8,29,39
TDS91072,Fast Lane,89.775,92,124
TDS91072,Slow Lane,95.89166666666667,18,64
TDS91073,Fast Lane,100.68333333333334,16,48
TDS91073,Middle Lane,83.23333333333333,252,294
TDS91073,Slow Lane,95.66666666666667,36,21
TDS91074,Fast Lane,99.25833333333334,29,63
TDS91074,Middle Lane,91.9,250,262
TDS91074,Slow Lane,98.3,24,17
TDS91075,Fast Lane,96.725,74,66
TDS91075,Middle Lane,81.06666666666666,372,283
TDS91075,Slow Lane,92.275,106,81
TDS91076,Fast Lane,103.71666666666667,30,71
TDS91076,Middle Lane,91.1,222,293
TDS91076,Slow Lane,94.425,95,91
TDSAPR10001,Fast Lane,67.3076923076923,50,46
TDSAPR10001,Middle Lane,65.52136752136752,52,37
TDSAPR10001,Slow Lane,55.17948717948718,296,88
TDSAPR20001,Fast Lane,71.13675213675214,24,29
TDSAPR20001,Middle Lane,67.75213675213675,59,70
TDSAPR20001,Slow Lane,62.547008547008545,180,84
TDSCPRHSK10002,Fast Lane,64.76068376068376,46,22
TDSCPRHSK10002,Middle Lane,52.1965811965812,220,80
TDSCPRHSK10002,Slow Lane,69.68376068376068,29,1
TDSCPRHSK10003,Fast Lane,68.76068376068376,20,14
TDSCPRHSK10003,Middle Lane,68.07692307692308,32,19
TDSCPRHSK10003,Slow Lane,66.75213675213675,91,42
TDSCPRHSK10004,Fast Lane,69.24786324786325,32,29
TDSCPRHSK10004,Slow Lane,62.452991452991455,157,85
TDSCPRHSK20001,Fast Lane,72.94871794871794,72,55
TDSCPRHSK20001,Slow Lane,76.80341880341881,306,119
TDSCPRHSK20002,Fast Lane,61.43589743589744,62,33
TDSCPRHSK20002,Middle Lane,47.623931623931625,227,107
TDSCPRHSK20002,Slow Lane,68.58119658119658,47,5
TDSCPRHSK20003,Fast Lane,63.68376068376068,41,25
TDSCPRHSK20003,Slow Lane,60.93162393162393,132,61
TDSCPRKC10001,Fast Lane,68.46153846153847,39,30
TDSCPRKC10001,Middle Lane,66.2991452991453,198,124
TDSCPRKC10001,Slow Lane,65.51282051282051,118,58
TDSCPRKC10002,Fast Lane,69.33333333333333,40,37
TDSCPRKC10002,Middle Lane 1,64.67521367521367,94,58
TDSCPRKC10002,Middle Lane 2,70.41880341880342,138,133
TDSCPRKC10002,Slow Lane,66.1880341880342,248,11
TDSCPRKC10003,Fast Lane,66.57264957264957,45,37
TDSCPRKC10003,Slow Lane,64.67521367521367,98,67
TDSCPRKC10004,Fast Lane,70.01709401709402,15,18
TDSCPRKC10004,Slow Lane,68.02564102564102,62,51
TDSCPRKC20001,Fast Lane,49.92307692307692,18,14
TDSCPRKC20001,Middle Lane 1,50.504273504273506,145,89
TDSCPRKC20001,Middle Lane 2,51.94017094017094,105,68
TDSCPRKC20001,Slow Lane,49.53846153846154,63,33
TDSCPRKC20002,Fast Lane,67.2991452991453,33,30
TDSCPRKC20002,Middle Lane,60.376068376068375,269,158
TDSCPRKC20002,Slow Lane,56.837606837606835,209,83
TDSCPRKC20003,Fast Lane,67.7094017094017,44,32
TDSCPRKC20003,Middle Lane,60.52136752136752,177,132
TDSCPRKC20003,Slow Lane,59.73504273504273,178,90
TDSCPRKC20004,Fast Lane,71.68376068376068,35,27
TDSCPRKC20004,Slow Lane,71.03418803418803,78,70
TDSCPRKC20005,Fast Lane,62.98290598290598,73,48
TDSCPRKC20005,Slow Lane,61.44444444444444,131,63
TDSCPRLT10001,Fast Lane,52.9059829059829,247,120
TDSCPRLT10001,Slow Lane,65.21367521367522,95,62
TDSCPRLT10002,Fast Lane,66.2991452991453,115,67
TDSCPRLT10002,Middle Lane,63.26495726495727,160,81
TDSCPRLT10002,Slow Lane,71.00854700854701,34,3
TDSCPRLT20001,Fast Lane,72.65811965811966,80,55
TDSCPRLT20001,Slow Lane,75.8119658119658,158,98
TDSCPRLT20002,Fast Lane,75.99145299145299,49,42
TDSCPRLT20002,Slow Lane,77.01709401709402,136,102
TDSCPRPS10002,Fast Lane,68.75213675213675,32,29
TDSCPRPS10002,Slow Lane,69.17948717948718,68,51
TDSCPRPS10003,Fast Lane,70.90598290598291,19,19
TDSCPRPS10003,Middle Lane,70.12820512820512,50,40
TDSCPRPS10003,Slow Lane,70.0,0,0
TDSCPRPS10004,Fast Lane,69.28205128205128,16,16
TDSCPRPS10004,Middle Lane,66.2991452991453,94,78
TDSCPRPS10004,Slow Lane,65.35897435897436,69,40
TDSCPRPS20001,Fast Lane,68.98290598290598,23,26
TDSCPRPS20001,Slow Lane,69.25641025641026,51,45
TDSCPRPS20002,Fast Lane,67.17948717948718,43,38
TDSCPRPS20002,Slow Lane,65.05982905982906,108,43
TDSCPRPS20004,Fast Lane,52.58119658119658,30,30
TDSCPRPS20004,Middle Lane,60.82051282051282,70,72
TDSCPRPS20004,Slow Lane,48.88034188034188,96,44
TDSIEC10001,Fast Lane,50.82051282051282,134,109
TDSIEC10001,Middle Lane 1,42.256410256410255,82,66
TDSIEC10001,Middle Lane 2,51.957264957264954,109,106
TDSIEC10001,Slow Lane,43.22222222222222,107,80
TDSIEC10002,Fast Lane,53.1965811965812,271,212
TDSIEC10002,Middle Lane,51.21367521367522,223,152
TDSIEC10002,Slow Lane,66.57264957264957,32,17
TDSIEC10003,Fast Lane,67.09401709401709,27,31
TDSIEC10003,Middle Lane 1,64.34188034188034,158,137
TDSIEC10003,Middle Lane 2,60.11965811965812,387,278
TDSIEC10003,Slow Lane,58.085470085470085,225,154
TDSIEC10004,Fast Lane,68.38461538461539,149,130
TDSIEC10004,Middle Lane 1,69.1880341880342,130,103
TDSIEC10004,Middle Lane 2,72.41025641025641,208,167
TDSIEC10004,Slow Lane,67.23076923076923,191,127
TDSIEC20001,Fast Lane,69.22222222222223,35,38
TDSIEC20001,Middle Lane 1,66.08547008547009,191,154
TDSIEC20001,Middle Lane 2,70.86324786324786,239,199
TDSIEC20001,Slow Lane,57.042735042735046,143,97
TDSJCR10001,Fast Lane,72.35833333333333,26,19
TDSJCR10001,Slow Lane,72.05,25,15
TDSJCR10002,Fast Lane,63.0940170940171,102,66
TDSJCR10002,Slow Lane,65.38461538461539,208,124
TDSJCR20001,Fast Lane,71.26666666666667,22,20
TDSJCR20001,Slow Lane,72.21666666666667,31,27
TDSJCR20002,Fast Lane,57.547008547008545,113,63
TDSJCR20002,Slow Lane,59.1025641025641,102,75
TDSLFR10001,Fast Lane,78.8119658119658,59,94
TDSLFR10001,Middle Lane,69.33333333333333,307,292
TDSLFR10001,Slow Lane,71.71794871794872,30,42
TDSLFR10002,Fast Lane,73.84615384615384,95,118
TDSLFR10002,Slow Lane,62.324786324786324,332,288
TDSLFR10003,Fast Lane,79.6068376068376,85,88
TDSLFR10003,Slow Lane,74.41880341880342,542,389
TDSLFR20001,Fast Lane,70.08547008547009,123,107
TDSLFR20001,Middle Lane,66.83760683760684,218,155
TDSLFR20001,Slow Lane,61.452991452991455,83,43
TDSLFR20002,Fast Lane,73.12820512820512,58,115
TDSLFR20002,Slow Lane,70.08547008547009,144,173
TDSLTR10001,Fast Lane,73.84615384615384,25,33
TDSLTR10001,Slow Lane,76.28205128205128,107,108
TDSLTR10002,Fast Lane,74.44444444444444,32,44
TDSLTR10002,Middle Lane,68.7948717948718,232,190
TDSLTR10002,Slow Lane,69.7948717948718,33,2
TDSLTR10003,Fast Lane,77.65811965811966,53,87
TDSLTR10003,Middle Lane,73.23076923076923,62,82
TDSLTR10003,Slow Lane,60.743589743589745,87,66
TDSLTR10004,Fast Lane,84.2905982905983,219,134
TDSLTR10004,Middle Lane,77.82051282051282,408,193
TDSLTR10004,Slow Lane,72.6923076923077,232,85
TDSLTR20001,Fast Lane,74.61538461538461,57,70
TDSLTR20001,Slow Lane,70.88034188034187,120,118
TDSLTR20002,Fast Lane,66.35042735042735,65,90
TDSLTR20002,Middle Lane,70.8119658119658,149,150
TDSLTR20002,Slow Lane,70.24786324786325,105,76
TDSLTR20003,Fast Lane,73.14529914529915,42,48
TDSLTR20003,Slow Lane,75.91452991452991,184,154
TDSLTR20004,Fast Lane,86.76068376068376,44,72
TDSLTR20004,Middle Lane,84.16239316239316,145,182
TDSLTR20004,Slow Lane,81.31623931623932,102,83
TDSMOSB10002,Fast Lane,79.725,3,6
TDSMOSB10002,Middle Lane,77.13333333333334,88,88
TDSMOSB10002,Slow Lane,78.81666666666666,11,16
TDSMOSB10003,Fast Lane,81.15,9,12
TDSMOSB10003,Slow Lane,79.675,108,78
TDSMOSB10004,Fast Lane,80.45833333333333,1,1
TDSMOSB10004,Slow Lane,80.59166666666667,86,86
TDSMOSB10005,Fast Lane,80.36666666666666,2,2
TDSMOSB10005,Slow Lane,84.50833333333334,44,45
TDSMOSB20001,Fast Lane,80.90833333333333,13,13
TDSMOSB20001,Slow Lane,84.44166666666666,49,54
TDSMOSB20002,Fast Lane,79.73333333333333,10,12
TDSMOSB20002,Slow Lane,84.525,31,41
TDSMOSB20003,Fast Lane,80.53333333333333,2,12
TDSMOSB20003,Slow Lane,77.78333333333333,40,60
TDSMOSB20004,Fast Lane,79.58333333333333,8,17
TDSMOSB20004,Middle Lane,79.14166666666667,41,58
TDSMOSB20004,Slow Lane,79.93333333333334,13,18
TDSMOSB20005,Fast Lane,80.35833333333333,6,7
TDSMOSB20005,Middle Lane,74.625,27,32
TDSMOSB20005,Slow Lane,76.125,24,10
TDSMOSB20006,Fast Lane,79.95833333333333,2,2
TDSMOSB20006,Middle Lane,80.125,28,30
TDSMOSB20006,Slow Lane,79.375,6,4
TDSMOSR10001,Fast Lane,74.51666666666667,66,102
TDSMOSR10001,Slow Lane,84.05,202,252
TDSMOSR10002,Fast Lane,71.83333333333333,12,25
TDSMOSR10002,Middle Lane,68.625,177,163
TDSMOSR10002,Slow Lane,70.71666666666667,263,250
TDSMOSR10003,Fast Lane,70.0,0,0
TDSMOSR10003,Middle Lane,72.41880341880342,113,129
TDSMOSR10003,Slow Lane,68.28205128205128,117,112
TDSMOSR20001,Fast Lane,81.20833333333333,27,45
TDSMOSR20001,Middle Lane 1,79.68333333333334,14,21
TDSMOSR20001,Middle Lane 2,87.70833333333333,151,161
TDSMOSR20001,Slow Lane,80.11666666666666,110,106
TDSMOSR20002,Fast Lane,79.54700854700855,7,7
TDSMOSR20002,Middle Lane,78.5982905982906,97,83
TDSMOSR20002,Slow Lane,73.94871794871794,43,53
TDSNCWBR10001,Fast Lane,70.89908256880734,23,24
TDSNCWBR10001,Middle Lane,66.6697247706422,106,101
TDSNCWBR10001,Slow Lane,66.65137614678899,56,37
TDSNCWBR10002,Fast Lane,65.1025641025641,37,26
TDSNCWBR10002,Slow Lane,64.23931623931624,70,44
TDSNCWBR10003,Fast Lane,73.4017094017094,55,41
TDSNCWBR10003,Middle Lane,76.58974358974359,105,99
TDSNCWBR10003,Slow Lane,71.77777777777777,36,32
TDSNCWBR10004,Fast Lane,69.96581196581197,33,24
TDSNCWBR10004,Slow Lane,73.84615384615384,61,39
TDSNCWBR20001,Fast Lane,55.52136752136752,58,48
TDSNCWBR20002,Fast Lane,53.39316239316239,41,36
TDSNCWBR20002,Slow Lane,55.0,87,78
TDSNCWBR20004,Fast Lane,67.17094017094017,50,49
TDSNCWBR20004,Slow Lane,66.41880341880342,63,54
TDSPBH10001,Fast Lane,79.25641025641026,3,9
TDSPBH10001,Middle Lane,80.0,0,0
TDSPBH10001,Slow Lane,80.41880341880342,13,18
TDSPBH10002,Fast Lane,80.0,0,0
TDSPBH10002,Slow Lane,81.57264957264957,12,21
TDSPBH20001,Fast Lane,80.0,0,0
TDSPBH20001,Middle Lane 1,80.0,0,0
TDSPBH20001,Middle Lane 2,78.8974358974359,0,7
TDSPBH20001,Slow Lane,80.0,0,2
TDSPBH20002,Fast Lane,80.32478632478633,8,16
TDSPBH20002,Slow Lane,81.74358974358974,4,4
TDSPERE10001,Fast Lane,77.33333333333333,121,116
TDSPERE10001,Slow Lane,70.3076923076923,264,235
TDSPERE10002,Fast Lane,75.73504273504274,41,62
TDSPERE10002,Middle Lane,80.96581196581197,170,154
TDSPERE10002,Slow Lane,77.66666666666667,114,94
TDSPERE20001,Fast Lane,80.76068376068376,211,178
TDSPERE20001,Slow Lane,77.01709401709402,51,58
TDSSPWR10001,Fast Lane,48.29059829059829,4,29
TDSSPWR10001,Slow Lane,50.0,0,0
TDSSPWR10002,Fast Lane,72.96581196581197,79,94
TDSSPWR10002,Slow Lane,70.0,0,0
TDSSPWR10003,Fast Lane,63.88034188034188,132,48
TDSSPWR10003,Slow Lane,66.24786324786325,62,55
TDSSPWR20001,Fast Lane,71.37606837606837,42,21
TDSSPWR20001,Slow Lane,72.4017094017094,189,78
TDSSPWR20002,Fast Lane,66.27350427350427,91,36
TDSSPWR20002,Slow Lane,56.34188034188034,129,82
TDSSPWR20003,Fast Lane,71.97435897435898,9,21
TDSSPWR20003,Slow Lane,79.06837606837607,78,88
TDSTCKR10001,Middle Lane,51.475,53,39
TDSTCKR10001,Slow Lane,50.375,37,22
TDSTCKR10002,Fast Lane,68.3076923076923,16,12
TDSTCKR10002,Middle Lane,66.4017094017094,28,22
TDSTCKR10002,Slow Lane,68.05982905982906,32,13
TDSTCKR10003,Fast Lane,65.36752136752136,44,15
TDSTCKR10003,Middle Lane 1,62.87179487179487,61,23
TDSTCKR10003,Middle Lane 2,68.35897435897436,13,7
TDSTCKR10003,Slow Lane,63.64957264957265,76,18
TDSTCKR10004,Fast Lane,68.82051282051282,20,13
TDSTCKR10004,Middle Lane,63.863247863247864,81,50
TDSTCKR10004,Slow Lane,60.2991452991453,173,88
TDSTCKR20001,Fast Lane,69.16239316239316,7,6
TDSTCKR20001,Middle Lane,61.034188034188034,77,46
TDSTCKR20001,Slow Lane,62.36752136752137,68,35
TDSTCKR20002,Fast Lane,66.15384615384616,41,30
TDSTCKR20002,Middle Lane 2,67.47863247863248,43,21
TDSTCKR20002,Middle Lane 3,63.11965811965812,90,54
TDSTCKR20004,Fast Lane,66.73504273504274,33,42
TDSTCKR20004,Middle Lane 1,64.47008547008546,80,55
TDSTCKR20004,Middle Lane 2,65.68376068376068,48,47
TDSTCKR20004,Slow Lane,66.11965811965813,40,26
TDSTKR10001,Fast Lane,71.175,9,12
TDSTKR10001,Slow Lane,70.13333333333334,49,53
TDSTKR10002,Fast Lane,69.79166666666667,19,20
TDSTKR10002,Slow Lane,69.90833333333333,36,43
TDSTKR10003,Fast Lane,76.71666666666667,10,24
TDSTKR10003,Slow Lane,78.61666666666666,24,37
TDSTKR10004,Fast Lane,74.21666666666667,18,26
TDSTKR10004,Slow Lane,75.00833333333334,34,48
TDSTKR10005,Fast Lane,72.975,35,36
TDSTKR10005,Slow Lane,77.88333333333334,58,57
TDSTKR10006,Fast Lane,70.1880341880342,32,27
TDSTKR10006,Slow Lane,70.55555555555556,57,52
TDSTKR10007,Fast Lane,65.26495726495726,86,41
TDSTKR10007,Middle Lane,64.92307692307692,57,33
TDSTKR10007,Slow Lane,68.98290598290598,20,7
TDSTKR10008,Fast Lane,49.64957264957265,25,15
TDSTKR10008,Middle Lane,51.23076923076923,64,32
TDSTKR10008,Slow Lane,49.97435897435897,53,29
TDSTKR20001,Fast Lane,73.075,27,24
TDSTKR20001,Slow Lane,71.88333333333334,30,30
TDSTKR20002,Fast Lane,69.36666666666666,27,22
TDSTKR20002,Slow Lane,69.13333333333334,15,18
TDSTKR20003,Fast Lane,65.29166666666667,43,29
TDSTKR20003,Slow Lane,65.925,40,29
TDSTKR20004,Fast Lane,75.08333333333333,17,24
TDSTKR20004,Slow Lane,74.99166666666666,34,36
TDSTKR20005,Fast Lane,74.56666666666666,27,22
TDSTKR20005,Slow Lane,73.56666666666666,29,23
TDSTKR20006,Fast Lane,70.58974358974359,33,26
TDSTKR20006,Slow Lane,72.11965811965813,43,28
TDSTKR20007,Fast Lane,69.21367521367522,1,5
TDSTKR20007,Middle Lane 1,66.93162393162393,33,30
TDSTKR20007,Middle Lane 2,67.1880341880342,38,30
TDSTKR20007,Slow Lane,67.43589743589743,19,15
TDSTKR20008,Fast Lane,65.13333333333334,55,31
TDSTKR20008,Slow Lane,65.69166666666666,79,36
TDSTKR20009,Fast Lane,71.225,67,41
TDSTKR20009,Slow Lane,72.025,24,23
TDSTPR10001,Fast Lane,48.65833333333333,72,76
TDSTPR10001,Slow Lane,50.0,0,0
TDSTPR10002,Fast Lane,50.68333333333333,3,2
TDSTPR10002,Slow Lane,51.63333333333333,14,10
TDSTPR10003,Fast Lane,48.583333333333336,14,8
TDSTPR10004,Fast Lane,51.572649572649574,14,10
TDSTPR10005,Fast Lane,49.61538461538461,33,11
TDSTPR10006,Fast Lane,50.77777777777778,29,14
TDSTPR10007,Fast Lane,49.55833333333333,17,10
TDSTPR10008,Fast Lane,50.427350427350426,18,12
TDSTPR10009,Fast Lane,49.427350427350426,16,12
TDSTPR10010,Fast Lane,55.11965811965812,26,22
TDSTPR10011,Fast Lane,67.87179487179488,23,9
TDSTPR10011,Slow Lane,68.5982905982906,30,17
TDSTPR10012,Fast Lane,66.2905982905983,29,18
TDSTPR10013,Fast Lane,67.38461538461539,8,13
TDSTPR10014,Fast Lane,71.6068376068376,19,15
TDSTPR10015,Fast Lane,55.41025641025641,37,39
TDSTPR10016,Fast Lane,50.29059829059829,58,44
TDSTPR20001,Fast Lane,52.975,30,18
TDSTPR20002,Fast Lane,50.27350427350427,26,17
TDSTPR20003,Fast Lane,50.43333333333333,38,24
TDSTPR20004,Fast Lane,51.136752136752136,20,17
TDSTPR20005,Fast Lane,39.88333333333333,1780,108
TDSTPR20006,Fast Lane,50.0,0,0
TDSTPR20007,Fast Lane,49.2,17,12
TDSTPR20008,Fast Lane,45.72649572649573,292,7
TDSTPR20009,Fast Lane,51.427350427350426,18,14
TDSTPR20012,Fast Lane,71.71794871794872,13,14
TDSTPR20012,Slow Lane,71.95726495726495,13,12
TDSTPR20013,Fast Lane,69.3076923076923,10,8
TDSTPR20013,Slow Lane,69.71794871794872,24,32
TDSTPR20014,Fast Lane,50.1025641025641,3,3
TDSTPR20014,Slow Lane,52.73504273504273,28,26
TDSTPTWR10001,Fast Lane,68.13333333333334,19,10
TDSTPTWR10001,Middle Lane,62.983333333333334,146,64
TDSTPTWR10001,Slow Lane,67.125,55,21
TDSTPTWR10002,Fast Lane,69.44166666666666,23,21
TDSTPTWR10002,Middle Lane,65.71666666666667,116,54
TDSTPTWR10002,Slow Lane,63.55833333333333,63,31
TDSTPTWR20001,Fast Lane,71.10833333333333,32,30
TDSTPTWR20001,Middle Lane,69.49166666666666,44,34
TDSTPTWR20001,Slow Lane,69.1,30,16
TDSTPTWR20002,Fast Lane,69.75,2,2
TDSTPTWR20002,Slow Lane,66.49166666666666,31,21
TDSTTR10001,Fast Lane,74.87179487179488,37,46
TDSTTR10001,Slow Lane,77.46153846153847,75,69
TDSTTR10002,Fast Lane,67.5982905982906,13,13
TDSTTR10002,Middle Lane,68.17948717948718,66,60
TDSTTR10002,Slow Lane,62.63247863247863,103,69
TDSTTR10003,Fast Lane,71.11111111111111,13,21
TDSTTR10003,Middle Lane,70.12820512820512,24,40
TDSTTR10003,Slow Lane,73.74358974358974,43,65
TDSTTR20001,Fast Lane,69.71794871794872,22,25
TDSTTR20001,Slow Lane,55.23076923076923,134,106
TDSTTR20002,Fast Lane,68.52991452991454,15,15
TDSTTR20002,Middle Lane,59.02564102564103,125,116
TDSTTR20002,Slow Lane,56.8034188034188,170,128
TDSTYR10001,Fast Lane,67.27350427350427,70,50
TDSTYR10001,Slow Lane,67.64957264957265,45,26
TDSTYR10002,Fast Lane,69.99145299145299,1,1
TDSTYR10002,Slow Lane,70.13675213675214,14,13
TDSTYR10003,Fast Lane,69.92307692307692,4,4
TDSTYR10003,Slow Lane,69.7008547008547,7,7
TDSTYR20001,Fast Lane,67.96581196581197,24,18
TDSTYR20001,Slow Lane,66.17948717948718,47,31
TDSTYR20002,Fast Lane,70.06837606837607,2,2
TDSTYR20002,Slow Lane,71.24786324786325,28,25
TDSTYR20003,Fast Lane,68.78632478632478,11,7
TDSTYR20003,Slow Lane,68.45299145299145,18,14
TDSYSR10001,Fast Lane,77.99166666666666,29,37
TDSYSR10001,Slow Lane,74.525,136,125
TDSYSR10002,Fast Lane,75.05833333333334,70,65
TDSYSR10002,Slow Lane,79.60833333333333,65,67
TDSYSR10003,Fast Lane,75.31666666666666,30,21
TDSYSR10003,Slow Lane,78.84166666666667,79,69
TDSYSR20001,Fast Lane,65.18333333333334,101,61
TDSYSR20001,Slow Lane,69.81666666666666,90,64
TDSYSR20002,Fast Lane,71.9,16,17
TDSYSR20002,Slow Lane,74.26666666666667,98,54
TDSYSR20003,Fast Lane,68.64166666666667,37,28
TDSYSR20003,Slow Lane,67.11666666666666,54,34
TDSTPR20011,Fast Lane,68.16666666666667,1,1
