detectorID,laneType,speed
AID01101,Fast Lane,68.88888888888889
AID01101,Middle Lane,60.62013888888889
AID01101,Slow Lane,54.65555555555556
AID01102,Fast Lane,74.82916666666667
AID01102,Middle Lane,67.73298611111112
AID01102,Slow Lane,66.05
AID01103,Fast Lane,61.696875
AID01103,Middle Lane,60.26076388888889
AID01103,Slow Lane,49.393055555555556
AID01104,Fast Lane,61.890277777777776
AID01104,Slow Lane,61.09930555555555
AID01105,Fast Lane,65.26354166666667
AID01105,Slow Lane,63.84513888888889
AID01106,Fast Lane,50.65694444444444
AID01106,Slow Lane,47.50729166666667
AID01107,Fast Lane,59.604166666666664
AID01107,Slow Lane,53.08958333333333
AID01108,Fast Lane,54.2139631816603
AID01108,Slow Lane,53.656477943730465
AID01109,Fast Lane,47.9355581127733
AID01109,Middle Lane,48.65324127349444
AID01109,Slow Lane,45.072113540467974
AID01110,Fast Lane,41.98645833333333
AID01110,Middle Lane,44.80694444444445
AID01110,Slow Lane,45.124652777777776
AID01111,Fast Lane,56.691319444444446
AID01111,Middle Lane 1,41.699305555555554
AID01111,Middle Lane 2,53.35520833333333
AID01111,Slow Lane,38.31041666666667
AID01112,Fast Lane,54.08888888888889
AID01112,Middle Lane 1,36.50347222222222
AID01112,Middle Lane 2,54.20729166666667
AID01112,Slow Lane,33.71423611111111
AID01113,Fast Lane,71.27256944444444
AID01113,Middle Lane,64.92743055555556
AID01113,Slow Lane,61.12361111111111
AID01114,Fast Lane,63.87951388888889
AID01114,Middle Lane,58.09930555555555
AID01114,Slow Lane,54.62222222222222
AID01115,Fast Lane,60.03993055555556
AID01115,Middle Lane,55.96284722222222
AID01115,Slow Lane,49.61909722222222
AID01116,Fast Lane,59.70868055555555
AID01116,Slow Lane,56.52430555555556
AID01117,Fast Lane,53.47465277777778
AID01117,Middle Lane 1,42.35347222222222
AID01117,Middle Lane 2,49.185763888888886
AID01117,Slow Lane,44.34027777777778
AID01118,Fast Lane,47.109375
AID01118,Middle Lane,41.953472222222224
AID01118,Slow Lane,40.390625
AID01120,Fast Lane,55.04131944444445
AID01120,Middle Lane,51.63263888888889
AID01120,Slow Lane,38.51145833333333
AID01121,Fast Lane,58.61631944444444
AID01121,Slow Lane,56.05451388888889
AID01122,Fast Lane,55.62083333333333
AID01122,Slow Lane,54.54340277777778
AID01123,Fast Lane,42.196527777777774
AID01123,Slow Lane,38.045138888888886
AID01124,Fast Lane,68.71576524741081
AID01124,Slow Lane,55.604909858074414
AID01125,Fast Lane,73.81476323119777
AID01125,Slow Lane,62.80257660167131
AID01126,Fast Lane,73.22951388888889
AID01126,Slow Lane,68.56875
AID01127,Fast Lane,73.83055555555555
AID01127,Slow Lane,69.54444444444445
AID01128,Fast Lane,75.76701388888888
AID01128,Slow Lane,71.20833333333333
AID01129,Fast Lane,72.353125
AID01129,Slow Lane,68.9263888888889
AID01130,Fast Lane,80.16805555555555
AID01130,Middle Lane 1,77.91909722222222
AID01130,Middle Lane 2,74.88263888888889
AID01130,Slow Lane,74.65
AID01131,Fast Lane,83.1295138888889
AID01131,Slow Lane,79.31666666666666
AID01132,Fast Lane,84.45729166666666
AID01132,Middle Lane,76.67326388888888
AID01132,Slow Lane,73.60625
AID01133,Fast Lane,83.61354166666666
AID01133,Slow Lane,73.84652777777778
AID01134,Fast Lane,80.17878260869566
AID01134,Slow Lane,78.09008695652174
AID01135,Fast Lane,78.60798611111112
AID01135,Slow Lane,86.46145833333334
AID01136,Fast Lane,76.81423611111111
AID01136,Slow Lane,75.40902777777778
AID01201,Fast Lane,61.06041666666667
AID01201,Slow Lane,50.39618055555555
AID01202,Fast Lane,59.06912122264675
AID01202,Slow Lane,54.07294199374783
AID01203,Fast Lane,64.40694444444445
AID01203,Slow Lane,61.98229166666667
AID01204,Fast Lane,32.06840277777778
AID01204,Middle Lane,34.285069444444446
AID01204,Slow Lane,36.763888888888886
AID01206,Fast Lane,47.96111111111111
AID01206,Slow Lane,47.270833333333336
AID01207,Fast Lane,60.714930555555554
AID01207,Middle Lane 1,49.102777777777774
AID01207,Middle Lane 2,58.977777777777774
AID01207,Slow Lane,45.875347222222224
AID01208,Fast Lane,60.905902777777776
AID01208,Slow Lane,56.69548611111111
AID01209,Fast Lane,69.44479166666666
AID01209,Middle Lane,65.25034722222222
AID01209,Slow Lane,50.19340277777778
AID01210,Fast Lane,59.56527777777778
AID01210,Middle Lane,59.50763888888889
AID01210,Slow Lane,57.01875
AID01211,Fast Lane,60.408680555555556
AID01211,Middle Lane,59.15972222222222
AID01211,Slow Lane,54.48576388888889
AID01212,Fast Lane,68.42743055555556
AID01212,Middle Lane,62.03055555555556
AID01212,Slow Lane,68.16180555555556
AID01213,Fast Lane,34.685069444444444
AID01213,Middle Lane 1,27.94826388888889
AID01213,Middle Lane 2,30.236458333333335
AID01213,Slow Lane,29.063541666666666
AID01214,Fast Lane,45.71666666666667
AID01214,Middle Lane,35.0625
AID01214,Slow Lane,36.00590277777778
AID01215,Fast Lane,67.36631944444444
AID01215,Slow Lane,60.61875
AID01216,Fast Lane,69.12361111111112
AID01216,Slow Lane,66.203125
AID01217,Fast Lane,66.46458333333334
AID01217,Middle Lane 1,67.3375
AID01217,Middle Lane 2,65.8236111111111
AID01217,Slow Lane,74.490625
AID01218,Fast Lane,59.79131944444445
AID01218,Middle Lane 2,57.709375
AID01219,Fast Lane,66.24965277777778
AID01219,Slow Lane,61.263888888888886
AID01220,Fast Lane,67.25659722222223
AID01220,Slow Lane,66.59131944444445
AID01221,Fast Lane,51.647222222222226
AID01221,Middle Lane,47.56041666666667
AID01221,Slow Lane,42.647222222222226
AID01222,Fast Lane,70.24166666666666
AID01222,Middle Lane,65.73298611111112
AID01222,Slow Lane,56.359027777777776
AID01223,Fast Lane,70.50069444444445
AID01223,Middle Lane,66.03993055555556
AID01223,Slow Lane,61.97986111111111
AID02104,Fast Lane,78.25381944444445
AID02104,Slow Lane,73.67430555555555
AID02105,Fast Lane,72.66006944444445
AID02105,Slow Lane,67.00972222222222
AID02106,Fast Lane,75.75138888888888
AID02106,Middle Lane,70.61423611111111
AID02106,Slow Lane,70.66284722222223
AID02107,Fast Lane,81.38958333333333
AID02107,Middle Lane,77.89618055555556
AID02107,Slow Lane,79.765625
AID02108,Fast Lane,86.36597222222223
AID02108,Middle Lane,78.3704861111111
AID02108,Slow Lane,71.52881944444445
AID02109,Fast Lane,88.73541666666667
AID02109,Middle Lane,82.66527777777777
AID02109,Slow Lane,73.92604166666666
AID02110,Fast Lane,86.94895833333334
AID02110,Middle Lane,80.3704861111111
AID02110,Slow Lane,71.99270833333334
AID02111,Fast Lane,85.503125
AID02111,Middle Lane,73.70833333333333
AID02111,Slow Lane,64.946875
AID02112,Fast Lane,87.96527777777777
AID02112,Slow Lane,81.09201388888889
AID02113,Fast Lane,83.70694444444445
AID02113,Slow Lane,76.10694444444445
AID02114,Fast Lane,77.50503647099687
AID02114,Slow Lane,72.83084404307051
AID02115,Fast Lane,73.24513888888889
AID02115,Slow Lane,63.02326388888889
AID02116,Fast Lane,66.51319444444445
AID02116,Middle Lane,63.605555555555554
AID02117,Fast Lane,66.47465277777778
AID02117,Slow Lane,69.73368055555555
AID02118,Fast Lane,66.10243055555556
AID02118,Middle Lane 1,67.4263888888889
AID02118,Middle Lane 2,63.69375
AID02118,Middle Lane 3,63.94444444444444
AID02118,Slow Lane,67.09583333333333
AID02119,Fast Lane,86.14166666666667
AID02119,Slow Lane,77.05347222222223
AID02120,Fast Lane,92.59340277777778
AID02120,Middle Lane 1,81.79930555555555
AID02120,Middle Lane 2,86.92430555555555
AID02120,Slow Lane,77.87604166666667
AID02121,Fast Lane,87.52395833333334
AID02121,Middle Lane,82.33298611111111
AID02121,Slow Lane,77.18645833333333
AID02122,Fast Lane,91.91631944444444
AID02122,Middle Lane,85.63506944444444
AID02122,Slow Lane,80.86944444444444
AID02123,Fast Lane,92.53368055555555
AID02123,Middle Lane,83.56840277777778
AID02123,Slow Lane,78.34097222222222
AID02124,Fast Lane,81.09409722222222
AID02124,Slow Lane,71.984375
AID02125,Fast Lane,72.64895833333334
AID02125,Slow Lane,65.02743055555555
AID02126,Fast Lane,80.80451388888889
AID02126,Slow Lane,71.32569444444445
AID02127,Fast Lane,75.79680444598819
AID02127,Slow Lane,71.30948245918722
AID02201,Fast Lane,77.14171587356721
AID02201,Slow Lane,71.26884334838486
AID02202,Fast Lane,77.64270833333333
AID02202,Slow Lane,73.42708333333333
AID02203,Fast Lane,70.31180555555555
AID02203,Slow Lane,66.2625
AID02204,Fast Lane,80.29822732012514
AID02204,Slow Lane,70.72019464720195
AID02205,Fast Lane,90.58298611111111
AID02205,Slow Lane,81.1
AID02206,Fast Lane,90.659375
AID02206,Slow Lane,81.32638888888889
AID02207,Fast Lane,81.83431747134422
AID02207,Middle Lane,73.50225772837791
AID02207,Slow Lane,69.5922195206669
AID02208,Fast Lane,85.32534722222222
AID02208,Middle Lane,74.44652777777777
AID02208,Slow Lane,71.04756944444445
AID02209,Fast Lane,92.09027777777777
AID02209,Middle Lane,83.034375
AID02209,Slow Lane,75.88229166666666
AID02210,Fast Lane,88.44188722669735
AID02210,Middle Lane,82.13387034906022
AID02210,Slow Lane,76.02301495972382
AID02211,Fast Lane,84.85104166666666
AID02211,Middle Lane,76.39826388888889
AID02211,Slow Lane,64.6204861111111
AID02212,Fast Lane,77.56284722222222
AID02212,Middle Lane,69.83055555555555
AID02212,Slow Lane,62.75486111111111
AID02214,Fast Lane,74.04142692750288
AID02214,Middle Lane 1,67.90410433448407
AID02214,Middle Lane 2,68.97660145761411
AID02214,Slow Lane,67.64556962025317
AID02215,Fast Lane,75.81319444444445
AID02215,Slow Lane,73.603125
AID03101,Fast Lane,70.41875
AID03101,Middle Lane,66.47291666666666
AID03101,Slow Lane,65.25069444444445
AID03102,Fast Lane,51.43888888888889
AID03102,Slow Lane,47.88645833333333
AID03103,Fast Lane,77.303125
AID03103,Slow Lane,69.25763888888889
AID03104,Fast Lane,46.68680555555556
AID03106,Fast Lane,110.52291666666666
AID03106,Middle Lane,100.68993055555555
AID03106,Slow Lane,90.92048611111112
AID03107,Fast Lane,97.23194444444445
AID03107,Middle Lane,87.5892361111111
AID03107,Slow Lane,81.19965277777777
AID03108,Fast Lane,101.90763888888888
AID03108,Middle Lane,92.90034722222222
AID03108,Slow Lane,83.96111111111111
AID03109,Fast Lane,104.72430555555556
AID03109,Middle Lane,92.01875
AID03109,Slow Lane,84.59201388888889
AID03110,Fast Lane,108.88715277777777
AID03110,Middle Lane,98.90381944444445
AID03110,Slow Lane,88.265625
AID03111,Fast Lane,102.5892361111111
AID03111,Middle Lane,92.36909722222222
AID03111,Slow Lane,84.62256944444445
AID03112,Fast Lane,105.74375
AID03112,Middle Lane,95.06111111111112
AID03112,Slow Lane,82.39236111111111
AID03113,Fast Lane,85.73125
AID03113,Middle Lane,91.94965277777777
AID03113,Slow Lane,77.08229166666666
AID03114,Fast Lane,109.00069444444445
AID03114,Middle Lane,102.47430555555556
AID03114,Slow Lane,92.52986111111112
AID03115,Fast Lane,89.07604166666667
AID03115,Middle Lane,84.4576388888889
AID03115,Slow Lane,76.69340277777778
AID03116,Fast Lane,86.99409722222222
AID03116,Middle Lane,84.01527777777778
AID03116,Slow Lane,78.70972222222223
AID03117,Fast Lane,101.83159722222223
AID03117,Middle Lane,87.31840277777778
AID03117,Slow Lane,76.16944444444445
AID03118,Fast Lane,106.55034722222223
AID03118,Middle Lane,91.43333333333334
AID03118,Slow Lane,78.21979166666667
AID03119,Fast Lane,106.76354166666667
AID03119,Middle Lane,95.08159722222223
AID03119,Slow Lane,95.35138888888889
AID03120,Fast Lane,100.82638888888889
AID03120,Middle Lane,85.771875
AID03120,Slow Lane,78.26145833333334
AID03122,Fast Lane,106.43125
AID03122,Middle Lane,98.86180555555555
AID03122,Slow Lane,90.709375
AID03123,Fast Lane,103.70069444444445
AID03123,Middle Lane,95.65625
AID03123,Slow Lane,88.178125
AID03124,Fast Lane,102.86497890295358
AID03124,Slow Lane,88.95972382048332
AID03125,Fast Lane,105.83506944444444
AID03125,Slow Lane,95.99027777777778
AID03201,Fast Lane,84.23715277777778
AID03201,Middle Lane,77.67291666666667
AID03201,Slow Lane,76.66840277777777
AID03202,Fast Lane,93.11354166666666
AID03202,Middle Lane 1,84.48819444444445
AID03202,Middle Lane 2,89.34861111111111
AID03202,Slow Lane,84.6451388888889
AID03203,Fast Lane,95.56458333333333
AID03203,Middle Lane,84.30034722222223
AID03203,Slow Lane,76.96840277777778
AID03204,Fast Lane,101.74270833333334
AID03204,Middle Lane,93.07638888888889
AID03204,Slow Lane,85.48506944444445
AID03205,Fast Lane,101.31840277777778
AID03205,Middle Lane,94.08298611111111
AID03205,Slow Lane,86.32777777777778
AID03206,Fast Lane,102.22152777777778
AID03206,Middle Lane,95.61111111111111
AID03206,Slow Lane,86.09479166666667
AID03207,Fast Lane,97.43888888888888
AID03207,Middle Lane,88.84583333333333
AID03207,Slow Lane,77.69409722222223
AID03208,Fast Lane,96.92743055555556
AID03208,Middle Lane,90.00520833333333
AID03208,Slow Lane,78.57118055555556
AID03209,Fast Lane,96.203125
AID03209,Middle Lane,88.75659722222223
AID03209,Slow Lane,76.28541666666666
AID03210,Fast Lane,93.21944444444445
AID03210,Middle Lane,87.60590277777777
AID03210,Slow Lane,88.72604166666666
AID03211,Fast Lane,75.18506944444445
AID03211,Middle Lane 1,70.9625
AID03211,Middle Lane 2,73.16388888888889
AID03211,Slow Lane,69.46354166666667
AID04101,Fast Lane,54.14618055555555
AID04101,Middle Lane,54.127430555555556
AID04101,Slow Lane,56.97638888888889
AID04102,Fast Lane,78.69583333333334
AID04102,Slow Lane,79.57430555555555
AID04103,Fast Lane,79.40199462984273
AID04103,Slow Lane,75.75795934023782
AID04104,Fast Lane,82.69399096908649
AID04104,Middle Lane 1,69.17957624175061
AID04104,Middle Lane 2,75.57103160819729
AID04104,Slow Lane,63.39874956582147
AID04105,Fast Lane,66.3114691215957
AID04105,Middle Lane,61.786728039892594
AID04105,Slow Lane,61.63482930571538
AID04106,Fast Lane,81.38506944444444
AID04106,Middle Lane,75.17708333333333
AID04106,Slow Lane,71.41666666666667
AID04107,Fast Lane,75.5111111111111
AID04107,Middle Lane,70.17152777777778
AID04107,Slow Lane,67.86666666666666
AID04108,Fast Lane,73.04444444444445
AID04108,Slow Lane,77.9125
AID04109,Fast Lane,60.41840277777778
AID04109,Slow Lane,64.64201388888888
AID04110,Fast Lane,67.22777777777777
AID04110,Middle Lane 1,64.99652777777777
AID04110,Middle Lane 2,65.55555555555556
AID04110,Middle Lane 3,68.3375
AID04110,Slow Lane,68.10034722222223
AID04111,Fast Lane,65.71805555555555
AID04111,Slow Lane,64.13194444444444
AID04112,Fast Lane,69.51875
AID04112,Middle Lane,65.07743055555555
AID04112,Slow Lane,62.821875
AID04113,Fast Lane,80.69930555555555
AID04113,Middle Lane,71.85972222222222
AID04113,Slow Lane,67.80972222222222
AID04114,Fast Lane,83.43333333333334
AID04114,Middle Lane,77.17986111111111
AID04114,Slow Lane,71.93784722222222
AID04115,Fast Lane,70.94722222222222
AID04115,Slow Lane,61.915625
AID04116,Fast Lane,73.32534722222222
AID04116,Slow Lane,68.06597222222223
AID04117,Fast Lane,77.01840277777778
AID04117,Slow Lane,71.4642361111111
AID04118,Fast Lane,69.616
AID04118,Slow Lane,63.68139130434783
AID04119,Fast Lane,71.95451388888888
AID04119,Slow Lane,63.123958333333334
AID04120,Fast Lane,68.74305555555556
AID04120,Slow Lane,66.45833333333333
AID04121,Fast Lane,74.38520319555401
AID04121,Slow Lane,71.05731156651615
AID04122,Fast Lane,75.20833333333333
AID04122,Middle Lane,72.465625
AID04122,Slow Lane,63.56111111111111
AID04201,Fast Lane,26.65659722222222
AID04201,Slow Lane,7.200347222222222
AID04202,Fast Lane,61.72673611111111
AID04202,Slow Lane,64.74479166666667
AID04203,Fast Lane,79.16111111111111
AID04203,Middle Lane,71.21215277777777
AID04203,Slow Lane,71.68958333333333
AID04204,Fast Lane,80.14201388888888
AID04204,Slow Lane,71.91388888888889
AID04205,Fast Lane,50.70729166666667
AID04205,Middle Lane,41.047916666666666
AID04205,Slow Lane,53.08888888888889
AID04206,Fast Lane,65.86215277777778
AID04206,Slow Lane,71.68993055555555
AID04207,Fast Lane,74.95173611111112
AID04207,Slow Lane,68.90416666666667
AID04208,Fast Lane,72.78333333333333
AID04208,Middle Lane,65.57986111111111
AID04208,Slow Lane,57.19722222222222
AID04209,Fast Lane,76.07057920981971
AID04209,Middle Lane,75.54737245876487
AID04209,Slow Lane,72.08323743766782
AID04210,Fast Lane,64.04027777777777
AID04210,Middle Lane 1,73.97048611111111
AID04210,Middle Lane 2,68.66875
AID04210,Slow Lane,68.50138888888888
AID04211,Fast Lane,70.78020833333333
AID04211,Slow Lane,66.5111111111111
AID04212,Fast Lane,67.23680555555555
AID04212,Middle Lane 1,71.184375
AID04212,Middle Lane 2,68.66354166666666
AID04212,Middle Lane 3,68.17395833333333
AID04212,Middle Lane 4,68.36458333333333
AID04212,Slow Lane,72.37361111111112
AID04213,Fast Lane,68.41215277777778
AID04213,Middle Lane,62.816319444444446
AID04213,Slow Lane,57.97743055555556
AID04214,Fast Lane,74.82534722222222
AID04214,Middle Lane 1,70.13576388888889
AID04214,Middle Lane 2,70.35590277777777
AID04214,Middle Lane 3,70.28090277777778
AID04214,Slow Lane,70.03888888888889
AID04215,Fast Lane,79.77083333333333
AID04215,Middle Lane 1,71.70972222222223
AID04215,Middle Lane 2,75.30833333333334
AID04215,Slow Lane,71.07222222222222
AID04216,Fast Lane,77.23368055555555
AID04216,Middle Lane,72.58645833333334
AID04216,Slow Lane,68.43611111111112
AID04217,Fast Lane,78.665625
AID04217,Middle Lane,76.55868055555555
AID04217,Slow Lane,70.55486111111111
AID04218,Fast Lane,72.75034722222222
AID04218,Middle Lane,68.91145833333333
AID04218,Slow Lane,67.98125
AID04219,Fast Lane,67.98472222222222
AID04219,Middle Lane,67.490625
AID04219,Slow Lane,59.65069444444445
AID04220,Fast Lane,83.63576388888889
AID04220,Slow Lane,78.875
AID04221,Fast Lane,78.56076388888889
AID04221,Slow Lane,85.59722222222223
AID04222,Fast Lane,62.74201388888889
AID05101,Fast Lane,74.51979166666666
AID05101,Slow Lane,58.046527777777776
AID05102,Fast Lane,62.56666666666667
AID05103,Fast Lane,69.60104166666666
AID05103,Middle Lane,62.572916666666664
AID05103,Slow Lane,60.78541666666667
AID05104,Fast Lane,74.76793248945148
AID05104,Middle Lane,64.9367088607595
AID05104,Slow Lane,59.9439969313387
AID05109,Fast Lane,58.029919447640964
AID05109,Middle Lane 1,36.952819332566165
AID05109,Middle Lane 2,50.12313003452244
AID05109,Slow Lane,33.752205600306866
AID05110,Fast Lane,33.052083333333336
AID05110,Slow Lane,44.47326388888889
AID05111,Fast Lane,55.99444444444445
AID05113,Slow Lane,48.74513888888889
AID05114,Fast Lane,62.39201388888889
AID05114,Middle Lane 1,57.78541666666667
AID05114,Middle Lane 2,61.49652777777778
AID05114,Slow Lane,53.76215277777778
AID05115,Fast Lane,71.11215277777778
AID05115,Slow Lane,65.74270833333334
AID05116,Fast Lane,68.73263888888889
AID05116,Middle Lane 2,64.32673611111112
AID05117,Fast Lane,75.94930555555555
AID05117,Slow Lane,68.61909722222222
AID05118,Fast Lane,77.09166666666667
AID05118,Slow Lane,68.953125
AID05120,Fast Lane,84.27986111111112
AID05120,Slow Lane,74.04513888888889
AID05121,Fast Lane,72.41979166666667
AID05121,Slow Lane,63.821527777777774
AID05122,Fast Lane,68.03854166666666
AID05122,Slow Lane,61.55763888888889
AID05123,Fast Lane,79.85833333333333
AID05123,Middle Lane,73.76388888888889
AID05123,Slow Lane,73.24236111111111
AID05124,Fast Lane,84.33194444444445
AID05124,Middle Lane,83.23368055555555
AID05124,Slow Lane,80.93263888888889
AID05125,Fast Lane,80.00729166666666
AID05125,Middle Lane 1,71.27743055555555
AID05125,Middle Lane 2,75.63923611111112
AID05125,Middle Lane 3,81.41631944444444
AID05125,Slow Lane,68.63506944444444
AID05126,Fast Lane,79.74618055555555
AID05126,Middle Lane,75.73854166666666
AID05126,Slow Lane,74.96076388888889
AID05127,Fast Lane,74.61180555555555
AID05127,Slow Lane,73.28194444444445
AID05128,Fast Lane,72.97847222222222
AID05128,Middle Lane,65.35972222222222
AID05128,Slow Lane,67.71701388888889
AID05129,Fast Lane,64.43307086614173
AID05129,Middle Lane,56.021199273167774
AID05129,Slow Lane,53.884918231374925
AID05130,Fast Lane,69.37986111111111
AID05130,Slow Lane,58.110416666666666
AID05131,Fast Lane,77.38854166666667
AID05131,Slow Lane,72.10590277777777
AID05132,Fast Lane,84.71855455177206
AID05132,Middle Lane,78.04899235580264
AID05132,Slow Lane,70.60145934676859
AID05133,Fast Lane,84.78854166666666
AID05133,Slow Lane,75.93090277777777
AID05134,Fast Lane,81.96145833333334
AID05134,Slow Lane,70.28611111111111
AID05135,Fast Lane,75.05
AID05135,Slow Lane,66.86354166666666
AID05201,Fast Lane,84.66631944444444
AID05201,Middle Lane,71.55451388888889
AID05201,Slow Lane,72.25416666666666
AID05202,Fast Lane,78.48645833333333
AID05202,Slow Lane,69.703125
AID05203,Fast Lane,76.265625
AID05203,Slow Lane,69.33715277777777
AID05204,Fast Lane,76.35138888888889
AID05204,Middle Lane,68.409375
AID05204,Slow Lane,67.28263888888888
AID05205,Fast Lane,73.79270833333334
AID05205,Slow Lane,67.73298611111112
AID05206,Fast Lane,76.76701388888888
AID05206,Middle Lane,65.35520833333334
AID05206,Slow Lane,64.10972222222222
AID05207,Fast Lane,76.53854166666666
AID05207,Middle Lane,70.69930555555555
AID05207,Slow Lane,70.396875
AID05208,Fast Lane,76.4732638888889
AID05208,Middle Lane 1,64.65451388888889
AID05208,Middle Lane 2,68.53645833333333
AID05208,Slow Lane,49.52986111111111
AID05209,Fast Lane,82.91909722222222
AID05209,Middle Lane 1,78.76354166666667
AID05209,Middle Lane 2,78.82256944444444
AID05209,Slow Lane,77.84756944444445
AID05210,Fast Lane,79.6336785577292
AID05210,Middle Lane 1,79.3927886459532
AID05210,Middle Lane 2,80.97698504027618
AID05210,Middle Lane 3,82.0253164556962
AID05210,Slow Lane,79.3759110088224
AID05211,Fast Lane,77.77916666666667
AID05211,Middle Lane 1,75.13333333333334
AID05211,Middle Lane 2,74.61493055555556
AID05211,Middle Lane 3,77.65138888888889
AID05211,Slow Lane,74.65381944444445
AID05212,Fast Lane,78.29791666666667
AID05212,Middle Lane,70.925
AID05212,Slow Lane,64.65347222222222
AID05213,Fast Lane,76.47222222222223
AID05213,Middle Lane,69.590625
AID05213,Slow Lane,67.46979166666667
AID05214,Fast Lane,73.18923611111111
AID05214,Slow Lane,66.4329861111111
AID05215,Fast Lane,64.66979166666667
AID05215,Slow Lane,60.46284722222222
AID05216,Fast Lane,66.2454861111111
AID05216,Slow Lane,59.021875
AID05217,Fast Lane,83.29305555555555
AID05217,Slow Lane,72.96145833333334
AID05218,Fast Lane,76.00694444444444
AID05218,Middle Lane,65.25138888888888
AID05218,Slow Lane,68.54444444444445
AID05219,Fast Lane,71.79895833333333
AID05219,Slow Lane,68.03368055555555
AID05220,Fast Lane,67.31770833333333
AID05220,Slow Lane,62.092708333333334
AID05221,Fast Lane,72.01805555555555
AID05221,Slow Lane,64.59340277777778
AID05222,Fast Lane,74.23541666666667
AID05222,Middle Lane,66.77916666666667
AID05222,Slow Lane,64.13819444444445
AID05223,Fast Lane,35.43611111111111
AID05223,Slow Lane,34.13645833333333
AID05224,Fast Lane,43.86076388888889
AID05225,Fast Lane,45.29436325678497
AID05226,Fast Lane,55.109375
AID05226,Middle Lane 1,46.27673611111111
AID05226,Middle Lane 2,51.812152777777776
AID05226,Slow Lane,44.13645833333333
AID05227,Fast Lane,57.15555555555556
AID05227,Middle Lane 1,52.77361111111111
AID05227,Middle Lane 2,55.98506944444444
AID05227,Slow Lane,51.486805555555556
AID05232,Fast Lane,46.87034906022248
AID05232,Slow Lane,49.244725738396625
AID05233,Fast Lane,68.72048611111111
AID05233,Middle Lane,68.73298611111112
AID05233,Slow Lane,66.38506944444444
AID05234,Fast Lane,63.51111111111111
AID05234,Middle Lane,67.60347222222222
AID05234,Slow Lane,63.56701388888889
AID05235,Fast Lane,68.49895833333333
AID07101,Fast Lane,57.92118055555556
AID07101,Middle Lane,52.97638888888889
AID07101,Slow Lane,47.72222222222222
AID07102,Fast Lane,6.218055555555556
AID07102,Slow Lane,4.482638888888889
AID07103,Fast Lane,74.4125
AID07103,Slow Lane,71.01388888888889
AID07104,Fast Lane,76.13958333333333
AID07104,Middle Lane,68.2454861111111
AID07104,Slow Lane,62.088541666666664
AID07106,Fast Lane,64.37304619659604
AID07106,Middle Lane,57.15804098645363
AID07106,Slow Lane,64.38867662382772
AID07107,Fast Lane,40.22083333333333
AID07107,Middle Lane,58.86493055555555
AID07107,Slow Lane,64.62013888888889
AID07108,Fast Lane,49.41076388888889
AID07108,Middle Lane 1,35.77569444444445
AID07108,Middle Lane 2,43.70381944444444
AID07108,Slow Lane,35.84861111111111
AID07109,Fast Lane,50.69340277777778
AID07109,Middle Lane 1,44.31527777777778
AID07109,Middle Lane 2,45.23854166666667
AID07109,Slow Lane,37.6875
AID07110,Fast Lane,61.32083333333333
AID07110,Slow Lane,53.39513888888889
AID07111,Fast Lane,64.41770833333334
AID07111,Middle Lane,62.981944444444444
AID07111,Slow Lane,53.19236111111111
AID07113,Fast Lane,46.646875
AID07113,Middle Lane 1,63.98125
AID07113,Middle Lane 2,65.41875
AID07113,Slow Lane,58.361111111111114
AID07114,Fast Lane,60.547916666666666
AID07114,Middle Lane 1,61.638888888888886
AID07114,Middle Lane 2,61.236805555555556
AID07114,Middle Lane 3,60.19861111111111
AID07114,Middle Lane 4,55.561458333333334
AID07114,Slow Lane,60.196875
AID07115,Fast Lane,56.42395833333333
AID07115,Slow Lane,50.96944444444444
AID07117,Fast Lane,58.04895833333333
AID07117,Middle Lane,53.199305555555554
AID07117,Slow Lane,46.357638888888886
AID07118,Fast Lane,55.855555555555554
AID07118,Middle Lane,50.31701388888889
AID07118,Slow Lane,49.819097222222226
AID07119,Fast Lane,68.53819444444444
AID07119,Middle Lane,63.27152777777778
AID07119,Slow Lane,61.248958333333334
AID07120,Fast Lane,60.91041666666667
AID07120,Middle Lane,57.17777777777778
AID07120,Slow Lane,52.593402777777776
AID07121,Fast Lane,61.157291666666666
AID07121,Middle Lane,56.876736111111114
AID07121,Slow Lane,48.78472222222222
AID07122,Fast Lane,60.44236111111111
AID07122,Middle Lane,53.98576388888889
AID07122,Slow Lane,50.347569444444446
AID07123,Fast Lane,71.77604166666667
AID07123,Middle Lane,67.61701388888889
AID07123,Slow Lane,68.89305555555555
AID07124,Fast Lane,59.21319444444445
AID07124,Middle Lane,48.19340277777778
AID07124,Slow Lane,58.85520833333333
AID07125,Fast Lane,64.74722222222222
AID07125,Slow Lane,61.84722222222222
AID07126,Fast Lane,64.51041666666667
AID07126,Slow Lane,63.075694444444444
AID07127,Fast Lane,67.29652777777778
AID07127,Slow Lane,65.39861111111111
AID07128,Fast Lane,52.37083333333333
AID07128,Slow Lane,45.05451388888889
AID07129,Fast Lane,67.49236111111111
AID07129,Middle Lane,61.32743055555556
AID07129,Slow Lane,63.482638888888886
AID07130,Fast Lane,70.45032604526276
AID07130,Middle Lane,66.47717683160721
AID07130,Slow Lane,70.34790947449176
AID07132,Fast Lane,64.36597222222223
AID07132,Middle Lane,56.92881944444444
AID07132,Slow Lane,62.54270833333333
AID07133,Fast Lane,74.31388888888888
AID07133,Middle Lane,64.59166666666667
AID07133,Slow Lane,69.26006944444444
AID07134,Fast Lane,66.328125
AID07134,Slow Lane,63.06111111111111
AID07201,Fast Lane,65.93784722222222
AID07201,Middle Lane 1,72.459375
AID07201,Middle Lane 2,61.78715277777778
AID07201,Slow Lane,75.36354166666666
AID07202,Fast Lane,67.07118055555556
AID07202,Middle Lane,60.64201388888889
AID07202,Slow Lane,61.39895833333333
AID07203,Fast Lane,71.20381944444445
AID07203,Middle Lane,64.39722222222223
AID07203,Slow Lane,62.43541666666667
AID07205,Fast Lane,72.590625
AID07205,Middle Lane 1,66.43611111111112
AID07205,Middle Lane 2,63.83506944444444
AID07205,Slow Lane,67.54861111111111
AID07206,Fast Lane,64.48090277777777
AID07206,Middle Lane,56.503819444444446
AID07206,Slow Lane,60.67465277777778
AID07207,Fast Lane,72.53368055555555
AID07207,Middle Lane,63.352777777777774
AID07207,Slow Lane,67.06527777777778
AID07208,Fast Lane,68.75763888888889
AID07208,Middle Lane,62.2
AID07208,Slow Lane,66.10833333333333
AID07209,Fast Lane,66.01805555555555
AID07209,Middle Lane 1,60.3125
AID07209,Middle Lane 2,61.79756944444444
AID07209,Slow Lane,62.687152777777776
AID07210,Fast Lane,65.32534722222222
AID07210,Middle Lane,57.75416666666667
AID07210,Slow Lane,59.647222222222226
AID07211,Fast Lane,65.33055555555555
AID07211,Middle Lane,63.13611111111111
AID07211,Slow Lane,68.70034722222222
AID07213,Fast Lane,69.26805555555555
AID07213,Middle Lane,63.80486111111111
AID07213,Slow Lane,60.39756944444444
AID07216,Fast Lane,56.380208333333336
AID07216,Middle Lane,53.71527777777778
AID07216,Slow Lane,59.82465277777778
AID07217,Fast Lane,61.72326388888889
AID07217,Middle Lane,58.812152777777776
AID07217,Slow Lane,54.334722222222226
AID07218,Fast Lane,59.67638888888889
AID07218,Middle Lane 1,56.49270833333333
AID07218,Middle Lane 2,53.45104166666667
AID07218,Slow Lane,51.44027777777778
AID07219,Fast Lane,65.24791666666667
AID07219,Middle Lane,56.95381944444444
AID07219,Slow Lane,53.01493055555556
AID07220,Fast Lane,73.54027777777777
AID07220,Middle Lane 1,69.19409722222223
AID07220,Middle Lane 2,74.31458333333333
AID07220,Slow Lane,66.29722222222222
AID07221,Fast Lane,64.12152777777777
AID07221,Middle Lane,64.09131944444445
AID07221,Slow Lane,45.006597222222226
AID07222,Fast Lane,60.05277777777778
AID07222,Middle Lane,60.230555555555554
AID07222,Slow Lane,44.339930555555554
AID07223,Fast Lane,42.14791666666667
AID07223,Middle Lane,46.92118055555556
AID07223,Slow Lane,47.477777777777774
AID07224,Fast Lane,55.13268496005558
AID07224,Middle Lane 1,42.99027440083362
AID07224,Middle Lane 2,48.37339353942341
AID07224,Slow Lane,36.147273358805144
AID07225,Fast Lane,48.27119294207902
AID07225,Middle Lane,42.093594169543536
AID07225,Slow Lane,36.183352512466435
AID07226,Fast Lane,35.99930555555556
AID07226,Middle Lane 1,33.50625
AID07226,Middle Lane 2,31.919097222222224
AID07226,Slow Lane,37.157291666666666
AID07227,Fast Lane,50.580555555555556
AID07227,Slow Lane,47.89756944444444
AID07228,Fast Lane,64.29548611111112
AID07228,Middle Lane,59.611805555555556
AID07228,Slow Lane,55.422916666666666
AID07229,Fast Lane,75.08819444444444
AID07229,Slow Lane,71.69826388888889
AID07230,Fast Lane,79.72465277777778
AID07230,Slow Lane,68.98229166666667
AID07231,Fast Lane,80.38298611111111
AID07231,Slow Lane,76.71840277777778
AID07232,Fast Lane,62.33784722222222
AID07232,Slow Lane,43.28715277777778
AID08101,Fast Lane,77.91180555555556
AID08101,Middle Lane,71.24583333333334
AID08101,Slow Lane,83.98125
AID08102,Fast Lane,105.14166666666667
AID08102,Middle Lane,100.98993055555556
AID08102,Slow Lane,90.70208333333333
AID08103,Fast Lane,92.53701772679875
AID08103,Middle Lane,84.20507473062217
AID08103,Slow Lane,74.2676399026764
AID08104,Fast Lane,109.253125
AID08104,Middle Lane,99.76979166666666
AID08104,Slow Lane,89.75104166666667
AID08105,Fast Lane,100.87847222222223
AID08105,Middle Lane,89.58645833333334
AID08105,Slow Lane,75.65243055555555
AID08106,Fast Lane,108.05416666666666
AID08106,Middle Lane,99.79895833333333
AID08106,Slow Lane,84.57569444444445
AID08107,Fast Lane,117.0855389336402
AID08107,Middle Lane,107.50249328730341
AID08107,Slow Lane,90.93325661680092
AID08108,Fast Lane,110.03888888888889
AID08108,Middle Lane,101.88090277777778
AID08108,Slow Lane,89.46458333333334
AID08109,Fast Lane,107.09861111111111
AID08109,Middle Lane,100.98541666666667
AID08109,Slow Lane,89.93090277777777
AID08110,Fast Lane,107.85451388888889
AID08110,Middle Lane,94.953125
AID08110,Slow Lane,80.68680555555555
AID08111,Fast Lane,100.09097222222222
AID08111,Middle Lane,88.59027777777777
AID08111,Slow Lane,77.6607638888889
AID08112,Fast Lane,90.67569444444445
AID08112,Middle Lane,83.55902777777777
AID08112,Slow Lane,81.584375
AID08113,Fast Lane,102.75972222222222
AID08113,Middle Lane,92.1986111111111
AID08113,Slow Lane,86.10451388888889
AID08114,Fast Lane,108.37291666666667
AID08114,Middle Lane,96.47881944444444
AID08114,Slow Lane,89.88125
AID08115,Fast Lane,100.59166666666667
AID08115,Middle Lane,90.77638888888889
AID08115,Slow Lane,80.35694444444445
AID08116,Fast Lane,114.51388888888889
AID08116,Middle Lane,105.06944444444444
AID08116,Slow Lane,90.74444444444444
AID08117,Fast Lane,108.03645833333333
AID08117,Middle Lane,98.81979166666666
AID08117,Slow Lane,85.93263888888889
AID08118,Fast Lane,111.38645833333334
AID08118,Middle Lane,103.73229166666667
AID08118,Slow Lane,88.6875
AID08119,Fast Lane,107.42291666666667
AID08119,Middle Lane,98.74097222222223
AID08119,Slow Lane,85.69444444444444
AID08120,Fast Lane,102.92395833333333
AID08120,Middle Lane,90.44479166666666
AID08120,Slow Lane,79.70243055555555
AID08121,Fast Lane,108.94248867201115
AID08121,Middle Lane,105.39142558382711
AID08121,Slow Lane,96.88149180899268
AID08122,Fast Lane,109.54548611111112
AID08122,Middle Lane,100.43125
AID08122,Slow Lane,88.02777777777777
AID08201,Fast Lane,92.88368055555556
AID08201,Middle Lane,91.81284722222222
AID08201,Slow Lane,78.08402777777778
AID08203,Fast Lane,3.3822916666666667
AID08203,Middle Lane,3.338888888888889
AID08203,Slow Lane,1.8618055555555555
AID08204,Fast Lane,110.6517361111111
AID08204,Middle Lane,100.71215277777777
AID08204,Slow Lane,89.06111111111112
AID08205,Fast Lane,107.971875
AID08205,Middle Lane,97.35347222222222
AID08205,Slow Lane,82.14826388888889
AID08206,Fast Lane,109.83645833333334
AID08206,Middle Lane,98.33090277777778
AID08206,Slow Lane,86.48055555555555
AID08207,Fast Lane,110.39131944444445
AID08207,Middle Lane,100.63923611111112
AID08207,Slow Lane,89.69722222222222
AID08208,Fast Lane,111.67604166666666
AID08208,Middle Lane,100.46597222222222
AID08208,Slow Lane,86.54027777777777
AID08209,Fast Lane,103.23506944444445
AID08209,Middle Lane,91.075
AID08209,Slow Lane,83.07256944444444
AID08210,Fast Lane,101.85
AID08210,Middle Lane,92.32222222222222
AID08210,Slow Lane,85.79131944444444
AID08211,Fast Lane,110.20972222222223
AID08211,Middle Lane,99.04722222222222
AID08211,Slow Lane,94.05451388888889
AID08212,Fast Lane,106.15729166666667
AID08212,Middle Lane,92.38576388888889
AID08212,Slow Lane,82.44722222222222
AID08213,Fast Lane,111.07118055555556
AID08213,Middle Lane,98.99479166666667
AID08213,Slow Lane,86.8482638888889
AID08214,Fast Lane,109.20694444444445
AID08214,Middle Lane,95.00069444444445
AID08214,Slow Lane,82.07569444444445
AID08215,Fast Lane,111.51701388888888
AID08215,Middle Lane,102.1625
AID08215,Slow Lane,86.24756944444445
AID08216,Fast Lane,114.44548611111111
AID08216,Middle Lane,103.34131944444445
AID08216,Slow Lane,86.91631944444444
AID08217,Fast Lane,112.32430555555555
AID08217,Middle Lane,103.09652777777778
AID08217,Slow Lane,90.775
AID08218,Fast Lane,110.38194444444444
AID08218,Middle Lane,101.05104166666666
AID08218,Slow Lane,87.05659722222222
AID08219,Fast Lane,115.91631944444444
AID08219,Middle Lane,103.921875
AID08219,Slow Lane,86.62916666666666
AID08220,Fast Lane,113.37777777777778
AID08220,Middle Lane,104.37743055555555
AID08220,Slow Lane,90.08090277777778
AID08221,Fast Lane,110.39791666666666
AID08221,Middle Lane,99.23993055555556
AID08221,Slow Lane,88.88958333333333
AID08222,Fast Lane,104.06284722222222
AID08222,Middle Lane,90.88506944444444
AID08222,Slow Lane,73.67013888888889
AID08223,Fast Lane,100.34652777777778
AID08223,Middle Lane,87.63055555555556
AID08223,Slow Lane,76.93819444444445
AID09101,Fast Lane,67.81111111111112
AID09101,Slow Lane,75.19270833333333
AID09102,Fast Lane,2.959375
AID09102,Middle Lane,5.821180555555555
AID09102,Slow Lane,10.185069444444444
AID09103,Fast Lane,79.61597222222223
AID09103,Middle Lane,73.0125
AID09103,Slow Lane,69.33333333333333
AID09104,Fast Lane,75.20451388888888
AID09104,Slow Lane,65.90659722222222
AID09105,Fast Lane,84.18159722222222
AID09105,Slow Lane,80.24826388888889
AID09106,Fast Lane,82.87083333333334
AID09106,Middle Lane,69.14444444444445
AID09106,Slow Lane,66.5826388888889
AID09107,Fast Lane,82.88541666666667
AID09107,Middle Lane,73.67534722222223
AID09107,Slow Lane,61.77118055555555
AID09108,Fast Lane,81.99409722222222
AID09108,Middle Lane,76.73055555555555
AID09108,Slow Lane,62.71145833333333
AID09109,Fast Lane,67.05520833333334
AID09109,Middle Lane 1,59.734722222222224
AID09109,Middle Lane 2,65.46493055555555
AID09109,Slow Lane,58.82395833333333
AID09110,Fast Lane,75.42222222222222
AID09110,Slow Lane,66.84652777777778
AID09111,Fast Lane,73.52534722222222
AID09111,Slow Lane,76.93333333333334
AID09112,Fast Lane,73.17708333333333
AID09112,Slow Lane,70.375
AID09113,Fast Lane,62.430902777777774
AID09114,Fast Lane,54.69583333333333
AID09114,Middle Lane,52.70451388888889
AID09114,Slow Lane,58.40763888888889
AID09118,Fast Lane,86.27430555555556
AID09118,Slow Lane,72.384375
AID09119,Fast Lane,83.56736111111111
AID09119,Middle Lane,75.884375
AID09119,Slow Lane,73.171875
AID09121,Fast Lane,86.07916666666667
AID09121,Middle Lane,79.60798611111112
AID09121,Slow Lane,76.36840277777777
AID09122,Fast Lane,83.71701388888889
AID09122,Middle Lane,72.47291666666666
AID09122,Slow Lane,64.13923611111112
AID09123,Fast Lane,95.34548611111111
AID09123,Middle Lane,87.315625
AID09123,Slow Lane,82.69583333333334
AID09151,Fast Lane,102.09652777777778
AID09151,Middle Lane,93.58020833333333
AID09151,Slow Lane,84.64409722222223
AID09153,Fast Lane,97.69812044495589
AID09153,Middle Lane,91.98197161488301
AID09153,Slow Lane,83.33103183736095
AID09154,Fast Lane,97.14722222222223
AID09154,Middle Lane,87.00659722222223
AID09154,Slow Lane,78.71875
AID09155,Fast Lane,98.87118055555555
AID09155,Middle Lane,83.78125
AID09155,Slow Lane,72.48159722222222
AID09156,Fast Lane,97.88368055555556
AID09156,Middle Lane,86.14375
AID09156,Slow Lane,79.82465277777777
AID09157,Fast Lane,93.09270833333333
AID09157,Middle Lane,85.27986111111112
AID09157,Slow Lane,73.63333333333334
AID09201,Fast Lane,74.45902777777778
AID09201,Middle Lane,70.62604166666667
AID09201,Slow Lane,63.604166666666664
AID09202,Fast Lane,87.63854166666667
AID09202,Slow Lane,81.90555555555555
AID09203,Fast Lane,83.17847222222223
AID09203,Slow Lane,74.16354166666666
AID09204,Fast Lane,84.08784722222222
AID09204,Slow Lane,79.2388888888889
AID09205,Fast Lane,81.74131944444444
AID09205,Slow Lane,75.50625
AID09206,Fast Lane,79.80729166666667
AID09206,Middle Lane,77.10659722222222
AID09206,Slow Lane,75.46597222222222
AID09207,Fast Lane,76.51909722222223
AID09207,Slow Lane,71.15729166666667
AID09208,Fast Lane,67.39340277777778
AID09208,Slow Lane,59.422222222222224
AID09251,Fast Lane,84.24409722222222
AID09251,Middle Lane,71.43402777777777
AID09251,Slow Lane,62.87152777777778
AID09252,Fast Lane,94.83854166666667
AID09252,Middle Lane,85.79340277777777
AID09252,Slow Lane,91.34930555555556
AID09253,Fast Lane,107.86354166666666
AID09253,Middle Lane,93.82986111111111
AID09253,Slow Lane,85.62291666666667
AID09254,Fast Lane,93.04340277777777
AID09254,Middle Lane,77.87465277777778
AID09254,Slow Lane,66.259375
AID09255,Fast Lane,101.29327760362243
AID09255,Middle Lane,89.1128526645768
AID09255,Slow Lane,70.98920236851271
AID09256,Fast Lane,108.62291666666667
AID09256,Middle Lane,97.32847222222222
AID09256,Slow Lane,87.51979166666666
AID09257,Fast Lane,104.3170138888889
AID09257,Middle Lane,93.60763888888889
AID09257,Slow Lane,82.65729166666667
AID09258,Fast Lane,99.29166666666667
AID09258,Middle Lane,88.234375
AID09258,Slow Lane,76.74027777777778
AID10101,Fast Lane,66.31736111111111
AID10102,Fast Lane,80.20713463751439
AID10102,Middle Lane,76.36401994629843
AID10102,Slow Lane,73.8902953586498
AID10103,Fast Lane,79.56111111111112
AID10103,Slow Lane,74.99131944444444
AID10104,Fast Lane,72.34861111111111
AID10104,Slow Lane,64.9420138888889
AID10105,Fast Lane,82.396875
AID10105,Middle Lane,84.49791666666667
AID10105,Slow Lane,74.81597222222223
AID10106,Fast Lane,81.32847222222222
AID10106,Middle Lane,81.6625
AID10106,Slow Lane,74.85243055555556
AID10107,Fast Lane,85.11944444444444
AID10107,Middle Lane,87.98819444444445
AID10107,Slow Lane,79.69513888888889
AID10108,Fast Lane,86.28784722222223
AID10108,Middle Lane,89.51076388888889
AID10108,Slow Lane,73.5875
AID10109,Fast Lane,80.54618055555555
AID10109,Middle Lane,80.25798611111111
AID10109,Slow Lane,72.31319444444445
AID10110,Fast Lane,86.2875
AID10110,Middle Lane,88.27986111111112
AID10110,Slow Lane,75.62465277777778
AID10111,Fast Lane,85.02048611111111
AID10111,Middle Lane,85.55243055555556
AID10111,Slow Lane,76.45104166666667
AID10112,Fast Lane,84.29305555555555
AID10112,Middle Lane,87.45416666666667
AID10112,Slow Lane,80.9420138888889
AID10113,Fast Lane,100.20173611111112
AID10113,Middle Lane,97.13055555555556
AID10113,Slow Lane,90.5826388888889
AID10114,Fast Lane,97.9625
AID10114,Middle Lane,89.22256944444445
AID10114,Slow Lane,81.26284722222222
AID10115,Fast Lane,100.19097222222223
AID10115,Middle Lane,96.04027777777777
AID10115,Slow Lane,92.22881944444444
AID10116,Fast Lane,100.74756944444445
AID10116,Middle Lane,99.21388888888889
AID10116,Slow Lane,86.06388888888888
AID10117,Fast Lane,98.16532412734945
AID10117,Middle Lane,92.2903720751822
AID10117,Slow Lane,80.81894898350595
AID10118,Fast Lane,103.56006944444445
AID10118,Middle Lane,98.63645833333334
AID10118,Slow Lane,89.95034722222222
AID10119,Fast Lane,103.77118055555556
AID10119,Middle Lane,99.28194444444445
AID10119,Slow Lane,87.90243055555555
AID10120,Fast Lane,81.93993055555555
AID10120,Middle Lane,78.21631944444445
AID10120,Slow Lane,76.72916666666667
AID10201,Fast Lane,102.02222222222223
AID10201,Middle Lane,97.04965277777778
AID10201,Slow Lane,84.46770833333333
AID10202,Fast Lane,104.41666666666667
AID10202,Middle Lane,103.95625
AID10202,Slow Lane,99.16145833333333
AID10203,Fast Lane,103.74583333333334
AID10203,Middle Lane,100.46458333333334
AID10203,Slow Lane,96.49826388888889
AID10204,Fast Lane,100.99513888888889
AID10204,Middle Lane,93.75416666666666
AID10204,Slow Lane,81.86770833333334
AID10205,Fast Lane,105.41388888888889
AID10205,Middle Lane,102.91388888888889
AID10205,Slow Lane,95.57638888888889
AID10206,Fast Lane,104.94270833333333
AID10206,Middle Lane,101.03368055555555
AID10206,Slow Lane,92.27604166666667
AID10207,Fast Lane,92.23854166666666
AID10207,Middle Lane,99.59965277777778
AID10207,Slow Lane,82.24652777777777
AID10208,Fast Lane,101.6451388888889
AID10208,Middle Lane,97.46840277777778
AID10208,Slow Lane,86.65243055555555
AID10209,Fast Lane,84.81076388888889
AID10209,Middle Lane,87.225
AID10209,Slow Lane,75.13958333333333
AID10210,Fast Lane,84.38405292479109
AID10210,Middle Lane,89.74268802228413
AID10210,Slow Lane,83.16852367688023
AID10211,Fast Lane,84.41180555555556
AID10211,Middle Lane,87.9875
AID10211,Slow Lane,77.17604166666666
AID10212,Fast Lane,87.340625
AID10212,Middle Lane,91.32013888888889
AID10212,Slow Lane,80.81944444444444
AID10213,Fast Lane,88.90069444444444
AID10213,Middle Lane,89.25381944444445
AID10213,Slow Lane,79.15069444444444
AID10214,Fast Lane,85.22951388888889
AID10214,Middle Lane,82.95416666666667
AID10214,Slow Lane,73.75555555555556
AID10215,Fast Lane,84.48611111111111
AID10215,Middle Lane,85.99895833333333
AID10215,Slow Lane,77.55972222222222
AID10216,Fast Lane,80.40902777777778
AID10216,Middle Lane,79.478125
AID10216,Slow Lane,74.29548611111112
AID10218,Fast Lane,80.4125
AID10218,Slow Lane,80.02638888888889
TDS10001,Fast Lane,56.71344011142061
TDS10001,Middle Lane,54.32381615598886
TDS10001,Slow Lane,59.08739554317549
TDS10002,Fast Lane,71.96840277777778
TDS10002,Slow Lane,64.46527777777777
TDS10005,Fast Lane,83.72594650920459
TDS10005,Slow Lane,78.76693296283432
TDS10006,Fast Lane,61.839124391938846
TDS10006,Slow Lane,60.89749826268242
TDS10007,Fast Lane,64.14742698191934
TDS10007,Slow Lane,58.04068150208623
TDS10008,Fast Lane,62.92355802640723
TDS10008,Slow Lane,58.542043085476024
TDS10010,Fast Lane,56.05943691345151
TDS10010,Slow Lane,59.74591588460201
TDS10011,Fast Lane,62.831944444444446
TDS10011,Middle Lane,58.41111111111111
TDS10011,Slow Lane,36.39201388888889
TDS10012,Fast Lane,65.19548611111111
TDS10012,Middle Lane,66.9954861111111
TDS10012,Slow Lane,64.065625
TDS10013,Fast Lane,62.454861111111114
TDS10013,Middle Lane,60.26111111111111
TDS10013,Slow Lane,69.0826388888889
TDS20001,Fast Lane,77.20517301642782
TDS20001,Slow Lane,73.39356868227893
TDS20002,Fast Lane,78.07083333333334
TDS20002,Slow Lane,71.83680555555556
TDS20003,Fast Lane,69.21111111111111
TDS20003,Middle Lane 1,68.425
TDS20003,Middle Lane 2,65.19166666666666
TDS20003,Slow Lane,68.11770833333334
TDS20004,Fast Lane,85.04097222222222
TDS20004,Middle Lane,84.853125
TDS20004,Slow Lane,80.09236111111112
TDS20007,Fast Lane,65.43880389429764
TDS20007,Slow Lane,65.44401947148818
TDS20008,Fast Lane,70.07951388888888
TDS20008,Slow Lane,62.41979166666667
TDS20009,Fast Lane,79.17847222222223
TDS20009,Slow Lane,72.29861111111111
TDS30001,Fast Lane,81.72622779519331
TDS30001,Middle Lane,75.37199582027168
TDS30001,Slow Lane,72.78265412748172
TDS30002,Fast Lane,95.31138975966562
TDS30002,Middle Lane,84.88296760710554
TDS30002,Slow Lane,78.07070707070707
TDS30003,Fast Lane,99.38633193863319
TDS30003,Middle Lane,91.80299860529986
TDS30003,Slow Lane,82.47140864714086
TDS30004,Fast Lane,104.44102205110255
TDS30004,Middle Lane,97.98704935246762
TDS30004,Slow Lane,87.40077003850193
TDS30005,Fast Lane,91.89897562698692
TDS30005,Middle Lane 1,89.90109501942776
TDS30005,Middle Lane 2,91.20346167432002
TDS30005,Slow Lane,89.63511126810315
TDS30006,Fast Lane,102.31777698610617
TDS30006,Middle Lane,93.82009262557891
TDS30006,Slow Lane,84.49305308158176
TDS30007,Fast Lane,94.44026471612679
TDS30007,Slow Lane,82.36537791710205
TDS30008,Fast Lane,100.94740508533611
TDS30008,Slow Lane,90.0508533611982
TDS90001,Fast Lane,78.5934405940594
TDS90001,Middle Lane,73.1509900990099
TDS90001,Slow Lane,69.01361386138613
TDS90002,Fast Lane,86.08159722222223
TDS90002,Middle Lane 1,77.35868055555555
TDS90002,Middle Lane 2,81.45
TDS90002,Slow Lane,79.71111111111111
TDS90003,Fast Lane,62.05034722222222
TDS90003,Middle Lane,55.49722222222222
TDS90003,Slow Lane,50.51354166666667
TDS90005,Fast Lane,43.75347222222222
TDS90005,Middle Lane,58.647222222222226
TDS90005,Slow Lane,59.465625
TDS90010,Fast Lane,76.54580285614769
TDS90010,Slow Lane,65.65586903517938
TDS90011,Fast Lane,79.94045961002786
TDS90011,Slow Lane,77.36385793871867
TDS90012,Fast Lane,76.31267409470752
TDS90012,Slow Lane,76.26149025069638
TDS90013,Fast Lane,80.51933124346917
TDS90013,Middle Lane,73.98780912574016
TDS90013,Slow Lane,68.50365726227795
TDS90014,Fast Lane,81.8470916057123
TDS90014,Middle Lane,76.25357018460467
TDS90014,Slow Lane,64.97387669801464
TDS90015,Fast Lane,88.9168918918919
TDS90015,Middle Lane,104.18445945945946
TDS90015,Slow Lane,91.13243243243244
TDS90016,Fast Lane,73.36805555555556
TDS90016,Middle Lane 1,63.36736111111111
TDS90016,Middle Lane 2,65.46701388888889
TDS90016,Slow Lane,59.60590277777778
TDS90017,Fast Lane,89.46666666666667
TDS90017,Middle Lane,86.54722222222222
TDS90017,Slow Lane,79.36944444444444
TDS90018,Fast Lane,78.009375
TDS90018,Middle Lane,71.94583333333334
TDS90018,Slow Lane,68.88506944444444
TDS90019,Fast Lane,73.8983286908078
TDS90019,Middle Lane,69.20543175487465
TDS90019,Slow Lane,62.75139275766017
TDS90020,Fast Lane,74.46527777777777
TDS90020,Middle Lane,70.196875
TDS90020,Slow Lane,72.79583333333333
TDS90021,Fast Lane,74.37847222222223
TDS90021,Middle Lane 1,68.36701388888889
TDS90021,Middle Lane 2,68.26597222222222
TDS90021,Slow Lane,65.08715277777777
TDS90022,Fast Lane,71.77569444444444
TDS90022,Middle Lane,62.46006944444444
TDS90022,Slow Lane,67.03263888888888
TDS90025,Fast Lane,77.87430555555555
TDS90025,Middle Lane,76.02534722222222
TDS90025,Slow Lane,78.66840277777777
TDS90026,Fast Lane,75.6133751306165
TDS90026,Middle Lane,69.1145942180425
TDS90026,Slow Lane,63.09439219784047
TDS90028,Fast Lane,85.40243055555555
TDS90028,Middle Lane,75.48298611111112
TDS90028,Slow Lane,68.1673611111111
TDS90030,Fast Lane,84.54479166666667
TDS90030,Middle Lane,78.63125
TDS90030,Slow Lane,72.94583333333334
TDS90031,Fast Lane,80.56215277777778
TDS90031,Middle Lane,76.45972222222223
TDS90031,Slow Lane,68.17430555555555
TDS90032,Fast Lane,98.06308818403625
TDS90032,Middle Lane,87.85744161728826
TDS90032,Slow Lane,79.87347507842453
TDS90033,Fast Lane,81.64061409630146
TDS90033,Middle Lane,75.00418702023727
TDS90033,Slow Lane,73.31297976273552
TDS90035,Fast Lane,87.94707325622151
TDS90035,Middle Lane,82.45566070802664
TDS90035,Slow Lane,75.6565019277953
TDS90037,Fast Lane,83.09833217512161
TDS90037,Middle Lane,75.5180681028492
TDS90037,Slow Lane,63.80542043085476
TDS90039,Fast Lane,96.32326388888889
TDS90039,Middle Lane,90.87361111111112
TDS90039,Slow Lane,82.66145833333333
TDS90040,Fast Lane,80.42847075405214
TDS90040,Middle Lane,72.35623678646934
TDS90040,Slow Lane,66.20718816067654
TDS90041,Fast Lane,82.42777777777778
TDS90041,Middle Lane,77.63020833333333
TDS90041,Slow Lane,73.721875
TDS90042,Fast Lane,79.74131944444444
TDS90042,Middle Lane,70.90104166666667
TDS90042,Slow Lane,68.58819444444444
TDS90043,Fast Lane,80.85625
TDS90043,Middle Lane,73.98645833333333
TDS90043,Slow Lane,71.696875
TDS90044,Fast Lane,80.83715277777777
TDS90044,Middle Lane,72.26666666666667
TDS90044,Slow Lane,68.05520833333334
TDS90049,Fast Lane,63.34238941135493
TDS90049,Middle Lane 1,58.25043538836642
TDS90049,Middle Lane 2,59.66805990943922
TDS90049,Slow Lane,33.4040404040404
TDS90051,Fast Lane,69.71438523162661
TDS90051,Middle Lane 1,63.0919540229885
TDS90051,Middle Lane 2,65.35144548937653
TDS90051,Slow Lane,57.235458028561474
TDS90052,Fast Lane,66.69000348310693
TDS90052,Middle Lane,62.672587948450015
TDS90052,Slow Lane,10.476837338906304
TDS90053,Fast Lane,69.347614071752
TDS90053,Middle Lane,67.1919191919192
TDS90053,Slow Lane,72.73528387321491
TDS90055,Fast Lane,82.05
TDS90055,Middle Lane,72.76736111111111
TDS90055,Slow Lane,66.921875
TDS90056,Fast Lane,79.340625
TDS90056,Middle Lane,69.44722222222222
TDS90056,Slow Lane,65.39791666666666
TDS90057,Fast Lane,88.59839217056972
TDS90057,Middle Lane,84.06361412093673
TDS90057,Slow Lane,76.87836420831877
TDS90058,Fast Lane,86.20272156315423
TDS90058,Middle Lane,76.82519190509421
TDS90058,Slow Lane,68.54710397766922
TDS90059,Fast Lane,84.68488857938719
TDS90059,Middle Lane,78.73781337047353
TDS90059,Slow Lane,73.54491643454038
TDS90061,Fast Lane,85.60654596100278
TDS90061,Middle Lane,75.09610027855153
TDS90061,Slow Lane,71.4383704735376
TDS90062,Fast Lane,95.5722744688262
TDS90062,Middle Lane,90.13653779171021
TDS90062,Slow Lane,83.85370950888192
TDS90063,Fast Lane,88.60292580982237
TDS90063,Middle Lane 1,80.57122953674678
TDS90063,Middle Lane 2,81.0773249738767
TDS90063,Slow Lane,59.85475444096134
TDS90065,Fast Lane,87.78404737025427
TDS90065,Middle Lane,83.40787182166493
TDS90065,Slow Lane,77.26401950539882
TDS90066,Fast Lane,77.84401114206128
TDS90066,Middle Lane,73.47632311977716
TDS90066,Slow Lane,67.75696378830084
TDS90067,Fast Lane,78.95189961659115
TDS90067,Middle Lane,72.6280934123388
TDS90067,Slow Lane,40.16486580690136
TDS90068,Fast Lane,77.19993033786137
TDS90068,Slow Lane,70.21630094043887
TDS90071,Fast Lane,77.57520891364902
TDS90071,Slow Lane,67.23955431754875
TDS90072,Fast Lane,89.17941585535466
TDS90072,Slow Lane,77.3981223922114
TDS90074,Fast Lane,93.37430555555555
TDS90074,Middle Lane,81.61076388888888
TDS90074,Slow Lane,69.48541666666667
TDS90075,Fast Lane,83.41215277777778
TDS90075,Middle Lane,70.69583333333334
TDS90075,Slow Lane,61.932291666666664
TDS90076,Fast Lane,100.24166666666666
TDS90076,Middle Lane,92.36770833333334
TDS90076,Slow Lane,77.35694444444445
TDS90077,Fast Lane,95.31354166666667
TDS90077,Middle Lane,93.50555555555556
TDS90077,Slow Lane,77.24409722222222
TDS90078,Fast Lane,91.62777777777778
TDS90078,Middle Lane,82.04270833333334
TDS90078,Slow Lane,76.73298611111112
TDS90079,Fast Lane,84.36759581881533
TDS90079,Middle Lane,82.23170731707317
TDS90079,Slow Lane,76.52369337979094
TDS90080,Fast Lane,94.75
TDS90080,Middle Lane,81.62222222222222
TDS90080,Slow Lane,77.55486111111111
TDS90084,Fast Lane,95.44513888888889
TDS90084,Middle Lane,81.67291666666667
TDS90084,Slow Lane,96.22708333333334
TDS90086,Fast Lane,97.20798611111111
TDS90086,Middle Lane,88.7125
TDS90086,Slow Lane,80.69722222222222
TDS90089,Fast Lane,97.82291666666667
TDS90089,Middle Lane 1,73.75590277777778
TDS90089,Middle Lane 2,83.58993055555555
TDS90089,Slow Lane,83.94270833333333
TDS90090,Fast Lane,91.30277777777778
TDS90090,Middle Lane,84.04027777777777
TDS90090,Slow Lane,77.30902777777777
TDS90091,Fast Lane,92.29895833333333
TDS90091,Middle Lane,83.16701388888889
TDS90091,Slow Lane,76.09340277777778
TDS90092,Fast Lane,104.8795138888889
TDS90092,Middle Lane,98.17013888888889
TDS90092,Slow Lane,86.01527777777778
TDS91001,Fast Lane,73.0201388888889
TDS91001,Middle Lane,66.8170138888889
TDS91001,Slow Lane,68.17118055555555
TDS91002,Middle Lane,73.00694444444444
TDS91002,Slow Lane,73.42534722222223
TDS91003,Fast Lane,74.586578581363
TDS91003,Middle Lane,68.95375521557719
TDS91003,Slow Lane,66.50104311543811
TDS91004,Fast Lane,79.52638888888889
TDS91004,Middle Lane,77.06805555555556
TDS91004,Slow Lane,74.37222222222222
TDS91005,Fast Lane,75.9173611111111
TDS91005,Middle Lane 1,66.4486111111111
TDS91005,Middle Lane 2,69.33194444444445
TDS91006,Fast Lane,84.15034722222222
TDS91006,Middle Lane 1,68.28506944444445
TDS91006,Middle Lane 2,74.34097222222222
TDS91006,Slow Lane,66.49861111111112
TDS91007,Fast Lane,76.81805555555556
TDS91007,Middle Lane,69.35416666666667
TDS91007,Slow Lane,64.43888888888888
TDS91008,Fast Lane,92.25381944444445
TDS91008,Middle Lane,83.85763888888889
TDS91008,Slow Lane,78.37361111111112
TDS91009,Fast Lane,88.80750521195274
TDS91009,Middle Lane 1,76.73558026407227
TDS91009,Middle Lane 2,82.3092425295344
TDS91009,Slow Lane,73.53092425295344
TDS91011,Fast Lane,90.2985022640195
TDS91011,Middle Lane,81.44688261929642
TDS91011,Slow Lane,81.74225008707768
TDS91015,Fast Lane,78.91388888888889
TDS91015,Middle Lane,74.42708333333333
TDS91015,Slow Lane,67.7611111111111
TDS91017,Fast Lane,87.90833333333333
TDS91017,Middle Lane,84.45659722222223
TDS91017,Slow Lane,74.54166666666667
TDS91018,Fast Lane,80.34756944444445
TDS91018,Middle Lane 1,76.684375
TDS91018,Middle Lane 2,78.834375
TDS91018,Slow Lane,71.71909722222222
TDS91021,Fast Lane,79.90972222222223
TDS91021,Middle Lane,71.33090277777778
TDS91021,Slow Lane,69.60625
TDS91024,Fast Lane,79.56452173913044
TDS91024,Middle Lane 1,67.88869565217391
TDS91024,Middle Lane 2,77.40382608695653
TDS91024,Slow Lane,69.97808695652174
TDS91025,Fast Lane,88.65486111111112
TDS91025,Middle Lane 1,78.81319444444445
TDS91025,Middle Lane 2,87.79722222222222
TDS91025,Slow Lane,73.14166666666667
TDS91026,Fast Lane,76.026791927627
TDS91026,Middle Lane,73.59951287404314
TDS91026,Slow Lane,70.25017397355602
TDS91028,Fast Lane,79.5507296733843
TDS91028,Middle Lane,75.45031271716469
TDS91028,Slow Lane,66.91487143849896
TDS91031,Fast Lane,91.58983286908078
TDS91031,Middle Lane 1,80.58844011142061
TDS91031,Middle Lane 2,82.11977715877437
TDS91031,Slow Lane,77.09784122562674
TDS91041,Fast Lane,69.10376044568245
TDS91041,Middle Lane,61.34192200557103
TDS91041,Slow Lane,72.61490250696379
TDS91042,Fast Lane,85.3663297316138
TDS91042,Middle Lane,78.76437783199721
TDS91042,Slow Lane,75.37086092715232
TDS91044,Fast Lane,78.79334500875656
TDS91044,Middle Lane,71.75096322241681
TDS91044,Slow Lane,65.32259194395797
TDS91046,Fast Lane,94.81003834088533
TDS91046,Middle Lane,85.75984663645869
TDS91046,Slow Lane,78.7187173231091
TDS91048,Fast Lane,86.6716573816156
TDS91048,Middle Lane,79.88788300835654
TDS91048,Slow Lane,66.29561281337047
TDS91049,Fast Lane,84.12539184952978
TDS91049,Middle Lane,79.25879484500174
TDS91049,Slow Lane,74.34308603274121
TDS91051,Fast Lane,81.85754092650645
TDS91051,Middle Lane 1,69.32497387669801
TDS91051,Middle Lane 2,72.99198885405782
TDS91051,Slow Lane,70.48032044583769
TDS91052,Fast Lane,74.8708217270195
TDS91052,Slow Lane,68.44428969359332
TDS91053,Fast Lane,88.81191222570533
TDS91053,Middle Lane,82.03378613723442
TDS91053,Slow Lane,74.3347265761059
TDS91054,Fast Lane,84.06968641114983
TDS91054,Slow Lane,73.98606271777004
TDS91055,Fast Lane,99.82270985719262
TDS91055,Middle Lane,80.5067920585162
TDS91055,Slow Lane,122.34691745036572
TDS91056,Fast Lane,63.46360153256705
TDS91056,Slow Lane,61.77115987460815
TDS91057,Fast Lane,81.22722476257475
TDS91057,Slow Lane,82.43510376362997
TDS91059,Fast Lane,103.58234473133287
TDS91059,Middle Lane,97.66399162595953
TDS91059,Slow Lane,90.4741800418702
TDS91060,Fast Lane,95.64972144846797
TDS91060,Middle Lane,83.3158077994429
TDS91060,Slow Lane,78.06685236768803
TDS91061,Fast Lane,90.11838440111421
TDS91061,Middle Lane 1,67.49686629526462
TDS91061,Middle Lane 2,74.86768802228413
TDS91061,Slow Lane,59.37778551532033
TDS91062,Fast Lane,98.08715277777777
TDS91062,Middle Lane,86.47430555555556
TDS91062,Slow Lane,81.9888888888889
TDS91063,Fast Lane,92.84409722222222
TDS91063,Middle Lane,83.184375
TDS91063,Slow Lane,79.42222222222222
TDS91064,Fast Lane,87.85138888888889
TDS91064,Middle Lane,78.22083333333333
TDS91064,Slow Lane,74.44965277777777
TDS91066,Fast Lane,100.453125
TDS91066,Middle Lane,88.878125
TDS91066,Slow Lane,80.9798611111111
TDS91067,Fast Lane,99.16179540709813
TDS91067,Middle Lane,89.51774530271399
TDS91067,Slow Lane,77.62874043145442
TDS91068,Fast Lane,95.49616991643454
TDS91068,Middle Lane,87.23572423398329
TDS91068,Slow Lane,81.69777158774373
TDS91069,Fast Lane,91.33541666666666
TDS91069,Middle Lane,82.42430555555555
TDS91069,Slow Lane,72.80069444444445
TDS91070,Fast Lane,93.20520833333333
TDS91070,Middle Lane,85.70173611111112
TDS91070,Slow Lane,72.00243055555555
TDS91071,Fast Lane,92.31076388888889
TDS91071,Middle Lane,84.39305555555555
TDS91071,Slow Lane,78.97638888888889
TDS91073,Fast Lane,89.13020833333333
TDS91073,Middle Lane,73.67465277777778
TDS91073,Slow Lane,88.22951388888889
TDS91075,Fast Lane,85.44770898915705
TDS91075,Middle Lane,71.96222455403988
TDS91075,Slow Lane,75.45050717033928
TDS91077,Fast Lane,92.49270833333334
TDS91077,Middle Lane,81.49444444444444
TDS91077,Slow Lane,76.215625
TDSAPR10001,Fast Lane,58.18096234309623
TDSAPR10001,Middle Lane,55.41945606694561
TDSAPR10001,Slow Lane,42.71861924686193
TDSAPR20001,Fast Lane,75.12791913558732
TDSAPR20001,Middle Lane,66.17671662600209
TDSAPR20001,Slow Lane,56.55210874869292
TDSCPRHSK10002,Fast Lane,48.682595047087545
TDSCPRHSK10002,Middle Lane,41.59539588419951
TDSCPRHSK10002,Slow Lane,48.18695500523195
TDSCPRHSK10003,Fast Lane,65.4729871035204
TDSCPRHSK10003,Middle Lane,62.93342628093412
TDSCPRHSK10003,Slow Lane,60.47716974555594
TDSCPRHSK10004,Fast Lane,61.55334728033473
TDSCPRHSK10004,Slow Lane,52.24476987447699
TDSCPRHSK20001,Fast Lane,70.21102197418905
TDSCPRHSK20001,Slow Lane,66.12765957446808
TDSCPRHSK20002,Fast Lane,61.28661087866109
TDSCPRHSK20002,Middle Lane,60.45432357043236
TDSCPRHSK20002,Slow Lane,62.12029288702929
TDSCPRHSK20003,Fast Lane,54.053384508025125
TDSCPRHSK20003,Slow Lane,44.53558967201675
TDSCPRKC10001,Fast Lane,62.72689222183467
TDSCPRKC10001,Middle Lane,57.14335542378793
TDSCPRKC10001,Slow Lane,53.83571677711894
TDSCPRKC10002,Fast Lane,74.4442119944212
TDSCPRKC10002,Middle Lane 1,58.83228730822873
TDSCPRKC10002,Middle Lane 2,69.2231520223152
TDSCPRKC10002,Slow Lane,56.74790794979079
TDSCPRKC10003,Fast Lane,63.56605088881143
TDSCPRKC10003,Slow Lane,57.6214708957825
TDSCPRKC20001,Fast Lane,44.62774485883583
TDSCPRKC20001,Middle Lane 1,45.492157546183336
TDSCPRKC20001,Middle Lane 2,46.129313349599165
TDSCPRKC20001,Slow Lane,44.597420704078075
TDSCPRKC20002,Fast Lane,56.93019197207679
TDSCPRKC20002,Middle Lane,50.754275741710295
TDSCPRKC20002,Slow Lane,39.98848167539267
TDSCPRKC20003,Fast Lane,59.63772663877266
TDSCPRKC20003,Middle Lane,53.37412831241283
TDSCPRKC20003,Slow Lane,46.07252440725244
TDSCPRKC20004,Fast Lane,72.94214011850819
TDSCPRKC20004,Slow Lane,63.12757058208435
TDSCPRKC20005,Fast Lane,55.705553615089066
TDSCPRKC20005,Slow Lane,49.9119804400978
TDSCPRLT10001,Fast Lane,47.49843150923667
TDSCPRLT10001,Slow Lane,55.0522830254444
TDSCPRLT10002,Fast Lane,46.02301255230125
TDSCPRLT10002,Middle Lane,47.25278940027894
TDSCPRLT10002,Slow Lane,58.70571827057183
TDSCPRLT20001,Fast Lane,65.20746164574616
TDSCPRLT20001,Slow Lane,56.299511854951184
TDSCPRLT20002,Fast Lane,67.95536959553696
TDSCPRLT20002,Slow Lane,66.63668061366806
TDSCPRPS10002,Fast Lane,64.88637155803416
TDSCPRPS10002,Slow Lane,62.64970372952248
TDSCPRPS10003,Fast Lane,73.07692307692308
TDSCPRPS10003,Middle Lane,71.51818181818182
TDSCPRPS10003,Slow Lane,69.36678321678322
TDSCPRPS10004,Fast Lane,67.09296657381616
TDSCPRPS10004,Middle Lane,62.55118384401114
TDSCPRPS10004,Slow Lane,57.69777158774373
TDSCPRPS20001,Fast Lane,63.63079066527342
TDSCPRPS20001,Slow Lane,63.02055033089516
TDSCPRPS20002,Fast Lane,61.534470752089135
TDSCPRPS20002,Slow Lane,56.10689415041783
TDSCPRPS20004,Fast Lane,59.18634622082898
TDSCPRPS20004,Middle Lane,58.02438174851968
TDSCPRPS20004,Slow Lane,37.75095785440613
TDSIEC10001,Fast Lane,49.12852664576803
TDSIEC10001,Middle Lane 1,31.535353535353536
TDSIEC10001,Middle Lane 2,48.16788575409265
TDSIEC10001,Slow Lane,29.312434691745036
TDSJCR10001,Fast Lane,73.82430555555555
TDSJCR10001,Slow Lane,75.02222222222223
TDSJCR10002,Fast Lane,53.66991983269432
TDSJCR10002,Slow Lane,53.093063785291044
TDSJCR20001,Fast Lane,72.91527777777777
TDSJCR20001,Slow Lane,69.55347222222223
TDSLFR10001,Fast Lane,64.67178235088943
TDSLFR10001,Middle Lane,52.272758981513775
TDSLFR10001,Slow Lane,57.36309731426579
TDSLFR10003,Fast Lane,63.898884239888424
TDSLFR10003,Slow Lane,48.10564853556485
TDSLFR20001,Fast Lane,62.08150470219436
TDSLFR20001,Middle Lane,52.96377568791362
TDSLFR20001,Slow Lane,46.529083942877044
TDSLFR20002,Fast Lane,59.61546499477534
TDSLFR20002,Slow Lane,56.705677464298155
TDSLTR10002,Fast Lane,75.18585929296465
TDSLTR10002,Middle Lane,66.83969198459923
TDSLTR10002,Slow Lane,70.42667133356667
TDSLTR10003,Fast Lane,70.91283124128313
TDSLTR10003,Middle Lane,52.4592050209205
TDSLTR10003,Slow Lane,50.08472803347281
TDSLTR10004,Fast Lane,76.8204949459742
TDSLTR10004,Middle Lane,67.75426978041129
TDSLTR10004,Slow Lane,67.5775531544092
TDSLTR20001,Fast Lane,69.79275513758273
TDSLTR20001,Slow Lane,65.1010101010101
TDSLTR20002,Fast Lane,63.05747126436781
TDSLTR20002,Middle Lane,62.07976314872867
TDSLTR20002,Slow Lane,66.17276210379659
TDSLTR20003,Fast Lane,71.99616858237547
TDSLTR20003,Slow Lane,67.04702194357367
TDSMOSB10002,Fast Lane,82.00486111111111
TDSMOSB10002,Middle Lane,70.61840277777777
TDSMOSB10002,Slow Lane,67.71319444444444
TDSMOSB10003,Fast Lane,82.45972222222223
TDSMOSB10003,Slow Lane,73.73506944444445
TDSMOSB10004,Fast Lane,80.71701388888889
TDSMOSB10004,Slow Lane,69.39201388888888
TDSMOSB10005,Fast Lane,86.41243919388464
TDSMOSB10005,Slow Lane,82.59451007644198
TDSMOSB20001,Fast Lane,97.03263888888888
TDSMOSB20001,Slow Lane,86.53194444444445
TDSMOSB20002,Fast Lane,84.71180555555556
TDSMOSB20002,Slow Lane,83.10902777777778
TDSMOSB20003,Fast Lane,84.53680555555556
TDSMOSB20003,Slow Lane,73.8638888888889
TDSMOSB20004,Fast Lane,81.13888888888889
TDSMOSB20004,Middle Lane,76.21527777777777
TDSMOSB20004,Slow Lane,77.18541666666667
TDSMOSB20006,Fast Lane,82.83611111111111
TDSMOSB20006,Middle Lane,73.55
TDSMOSB20006,Slow Lane,71.72847222222222
TDSMOSR10001,Fast Lane,71.4125
TDSMOSR10001,Slow Lane,80.09722222222223
TDSMOSR10002,Fast Lane,70.05555555555556
TDSMOSR10002,Middle Lane,65.55625
TDSMOSR10002,Slow Lane,62.26111111111111
TDSMOSR10003,Fast Lane,70.0
TDSMOSR10003,Middle Lane,60.73700732472968
TDSMOSR10003,Slow Lane,60.93930938262993
TDSMOSR20001,Fast Lane,82.80451388888889
TDSMOSR20001,Middle Lane 1,82.24756944444445
TDSMOSR20001,Middle Lane 2,81.196875
TDSMOSR20001,Slow Lane,77.040625
TDSMOSR20002,Fast Lane,81.02510460251047
TDSMOSR20002,Middle Lane,74.45118549511855
TDSMOSR20002,Slow Lane,61.982914923291496
TDSNCWBR10001,Fast Lane,65.77951933124346
TDSNCWBR10001,Middle Lane,61.13061650992685
TDSNCWBR10001,Slow Lane,57.65168930686172
TDSNCWBR10002,Fast Lane,56.21239554317549
TDSNCWBR10002,Slow Lane,53.10515320334262
TDSNCWBR10003,Fast Lane,72.41657958899339
TDSNCWBR10003,Middle Lane,73.23998606757227
TDSNCWBR10003,Slow Lane,65.8188784395681
TDSNCWBR10004,Fast Lane,82.55331010452961
TDSNCWBR10004,Slow Lane,78.97979094076655
TDSNCWBR20001,Fast Lane,58.549828178694156
TDSNCWBR20002,Fast Lane,54.767003836763166
TDSNCWBR20002,Slow Lane,56.63899546564353
TDSNCWBR20004,Fast Lane,60.660020986358866
TDSNCWBR20004,Slow Lane,57.89821615949633
TDSPBH20001,Fast Lane,79.28178335074887
TDSPBH20001,Middle Lane 1,79.28247997213515
TDSPBH20001,Middle Lane 2,75.55451062347615
TDSPBH20001,Slow Lane,75.89550679205851
TDSPBH20002,Fast Lane,88.34288710241175
TDSPBH20002,Slow Lane,91.42747291156938
TDSPERE10001,Fast Lane,73.95473537604457
TDSPERE10001,Slow Lane,68.22527855153203
TDSPERE10002,Fast Lane,109.96865203761756
TDSPERE10002,Middle Lane,104.95193312434692
TDSPERE10002,Slow Lane,97.84117032392895
TDSPERE20001,Fast Lane,67.32288401253919
TDSPERE20001,Slow Lane,72.10867293625914
TDSSPWR10002,Fast Lane,75.37443399512365
TDSSPWR10002,Slow Lane,71.22082897944966
TDSSPWR10003,Fast Lane,54.970741901776385
TDSSPWR10003,Slow Lane,54.79519331243469
TDSSPWR20002,Fast Lane,53.30372692441658
TDSSPWR20002,Slow Lane,41.71020550330895
TDSSPWR20003,Fast Lane,79.20027816411682
TDSSPWR20003,Slow Lane,78.3164116828929
TDSTCKR10001,Middle Lane,52.14201388888889
TDSTCKR10001,Slow Lane,51.535069444444446
TDSTCKR10002,Fast Lane,61.1128526645768
TDSTCKR10002,Middle Lane,59.28631138975967
TDSTCKR10002,Slow Lane,57.82410309996517
TDSTCKR10003,Fast Lane,53.08043175487465
TDSTCKR10003,Middle Lane 1,52.34784122562674
TDSTCKR10003,Middle Lane 2,59.717966573816156
TDSTCKR10003,Slow Lane,50.057799442896936
TDSTCKR10004,Fast Lane,56.85779334500876
TDSTCKR10004,Middle Lane,54.759019264448334
TDSTCKR10004,Slow Lane,50.32084063047285
TDSTCKR20001,Fast Lane,57.68826192964124
TDSTCKR20001,Middle Lane,52.56704980842912
TDSTCKR20001,Slow Lane,55.08185301288749
TDSTCKR20002,Fast Lane,60.714136490250695
TDSTCKR20002,Middle Lane 2,53.16225626740947
TDSTCKR20002,Middle Lane 3,57.73537604456825
TDSTKR10001,Fast Lane,71.82465277777777
TDSTKR10001,Slow Lane,67.32291666666667
TDSTKR10002,Fast Lane,66.05208333333333
TDSTKR10002,Slow Lane,65.59340277777778
TDSTKR10003,Fast Lane,82.725
TDSTKR10003,Slow Lane,79.009375
TDSTKR10004,Fast Lane,76.37628865979381
TDSTKR10004,Slow Lane,72.7565864833906
TDSTKR10005,Fast Lane,76.48715277777778
TDSTKR10005,Slow Lane,76.51770833333333
TDSTKR10006,Fast Lane,60.80605849582173
TDSTKR10006,Slow Lane,58.83948467966574
TDSTKR10008,Fast Lane,43.64449860724234
TDSTKR10008,Middle Lane,39.75591922005571
TDSTKR10008,Slow Lane,39.59575208913649
TDSTKR20001,Fast Lane,76.8375
TDSTKR20001,Slow Lane,69.71597222222222
TDSTKR20002,Fast Lane,68.26631944444445
TDSTKR20002,Slow Lane,63.65972222222222
TDSTKR20003,Fast Lane,52.953472222222224
TDSTKR20003,Slow Lane,51.675694444444446
TDSTKR20004,Fast Lane,80.059375
TDSTKR20004,Slow Lane,77.44340277777778
TDSTKR20005,Fast Lane,81.2815331010453
TDSTKR20005,Slow Lane,78.1156794425087
TDSTKR20006,Fast Lane,62.34378265412748
TDSTKR20006,Slow Lane,58.72901428073842
TDSTKR20007,Fast Lane,56.54266805990944
TDSTKR20007,Middle Lane 1,49.89655172413793
TDSTKR20007,Middle Lane 2,51.77499129223267
TDSTKR20007,Slow Lane,51.56670149773598
TDSTKR20008,Fast Lane,56.14791666666667
TDSTKR20008,Slow Lane,55.56944444444444
TDSTKR20009,Fast Lane,81.14965277777777
TDSTKR20009,Slow Lane,81.29965277777778
TDSTPR10002,Fast Lane,59.333333333333336
TDSTPR10002,Slow Lane,62.98125
TDSTPR10003,Fast Lane,35.98368055555556
TDSTPR10004,Fast Lane,58.13823119777159
TDSTPR10005,Fast Lane,43.99756182514803
TDSTPR10007,Fast Lane,45.21736111111111
TDSTPR10008,Fast Lane,54.78010471204188
TDSTPR10009,Fast Lane,42.02193593314763
TDSTPR10011,Fast Lane,69.07207520891365
TDSTPR10011,Slow Lane,62.61490250696379
TDSTPR10012,Fast Lane,54.1208217270195
TDSTPR10013,Fast Lane,53.6537558685446
TDSTPR10014,Fast Lane,66.0783426183844
TDSTPR10015,Fast Lane,58.09090909090909
TDSTPR10016,Fast Lane,44.70612813370474
TDSTPR20001,Fast Lane,62.755208333333336
TDSTPR20002,Fast Lane,51.16974555594284
TDSTPR20003,Fast Lane,45.41289198606272
TDSTPR20004,Fast Lane,48.27681058495822
TDSTPR20005,Fast Lane,44.47637248088951
TDSTPR20007,Fast Lane,42.845486111111114
TDSTPR20008,Fast Lane,26.34587251828631
TDSTPR20009,Fast Lane,51.69453262786596
TDSTPR20012,Fast Lane,77.02925809822362
TDSTPR20012,Slow Lane,74.68443051201672
TDSTPR20013,Fast Lane,69.8871473354232
TDSTPR20013,Slow Lane,72.40961337513062
TDSTPR20014,Fast Lane,63.749912922326715
TDSTPR20014,Slow Lane,71.59003831417624
TDSTPTWR10002,Fast Lane,64.46145833333334
TDSTPTWR10002,Middle Lane,59.88472222222222
TDSTPTWR10002,Slow Lane,46.45590277777778
TDSTPTWR20001,Fast Lane,67.16215277777778
TDSTPTWR20001,Middle Lane,66.07743055555555
TDSTPTWR20001,Slow Lane,66.95659722222223
TDSTTR10001,Fast Lane,76.07737887765772
TDSTTR10001,Slow Lane,75.33426280934124
TDSTTR10002,Fast Lane,66.54830833623997
TDSTTR10002,Middle Lane,60.59574468085106
TDSTTR10002,Slow Lane,50.50226717823509
TDSTTR10003,Fast Lane,75.5508356545961
TDSTTR10003,Middle Lane,70.69324512534818
TDSTTR10003,Slow Lane,69.65807799442896
TDSTTR20001,Fast Lane,70.2375478927203
TDSTTR20001,Slow Lane,61.6506443747823
TDSTTR20002,Fast Lane,66.26109751835023
TDSTTR20002,Middle Lane,49.42957008039147
TDSTTR20002,Slow Lane,49.035302341838516
TDSTYR10001,Fast Lane,62.27715877437326
TDSTYR10001,Slow Lane,61.745473537604454
TDSTYR10002,Fast Lane,69.76941832114245
TDSTYR10002,Slow Lane,67.55033089515848
TDSTYR10003,Fast Lane,69.11114982578397
TDSTYR10003,Slow Lane,68.85400696864112
TDSTYR20001,Fast Lane,62.2205574912892
TDSTYR20001,Slow Lane,61.62578397212543
TDSTYR20002,Fast Lane,71.40195053988157
TDSTYR20002,Slow Lane,66.51445489376523
TDSTYR20003,Fast Lane,64.27342389411355
TDSTYR20003,Slow Lane,61.62208289794496
TDSYSR10001,Fast Lane,70.42772758860319
TDSYSR10001,Slow Lane,65.03544127866574
TDSYSR10002,Fast Lane,80.13361169102296
TDSYSR10002,Slow Lane,83.45024356297843
TDSYSR10003,Fast Lane,76.91631944444444
TDSYSR10003,Slow Lane,76.25173611111111
TDSYSR20001,Fast Lane,59.018769551616266
TDSYSR20001,Slow Lane,59.14007646854362
TDSYSR20002,Fast Lane,71.14195804195805
TDSYSR20002,Slow Lane,67.53146853146853
TDSYSR20003,Fast Lane,61.437847222222224
TDSYSR20003,Slow Lane,58.060069444444444
TDSPBH10002,Fast Lane,81.52639087018545
TDSPBH10002,Slow Lane,79.93723252496433
